sr_no,work_category,work,state,ida,mp_name,constituency,work_description,recommended_date,sanction_date,sanction_amount,work_status,work_id
413,Normal/Others,WS/MP431/2024-2025/135540-Retrofitting in essential lifeline buildings,Haryana,HISAR(DEPUTY COMMISSIONER HISSAR_IDA),Rao Inderjit Singh,GURGAON,Installation of AC unit plant for Litigant Main Hall in Distt. Court Hisar,2024-08-13,2025-01-30,1100000.0,Work Completed,135540
795,Normal/Others,WS/MP341/2025-2026/136725-Construction of rooms and halls in school and colleges,Karnataka,CHIKKAMAGALURU(DEPUTY COMMISSIONER CHIKMAGALUR),Shri LS Tejasvi Surya,BANGALORE SOUTH,"Construction of classroom at the Government Higher Primary School in Lakya Village, Chikkamagaluru District, Karnataka.",2024-08-22,2026-02-09,496984.0,Physical Inspection,136725
2369,Normal/Others,WS/MP18007/2024-2025/140066-Construction of veterinary hospitals and dispensaries,Andhra Pradesh,Kakinada(DISTRICT COLLECTOR KAKINADA_IDA),Putta Mahesh Kumar,ELURU,"Construction of Veterinary Hospital at A.V. Nagaram village of Thondangi mandal, Kakinada district.",2024-09-09,2024-10-09,2500000.0,Work partially Completed,140066
2889,Normal/Others,WS/MP313/2024-2025/140993-Construction of footpaths and pedestrian ways,Arunachal Pradesh,LOWER SIANG(Deputy Commisioner Lower Siang_IDA),Shri Tapir Gao,ARUNACHAL EAST,C/o Foot track at Hippo Village in Lower Siang District,2024-09-15,2025-02-19,800000.0,Physical Inspection,140993
3057,Normal/Others,"WS/MP18152/2024-2025/141227-Construction of roads, link roads, pathways or any other road with or without drainage system",Punjab,MANSA(DEPUTY COMMISSIONER MANSA_IDA),SARABJEET SINGH KHALSA,FARIDKOT(SC),Construction of Street using Interlock tiles street and Drains Nirmal Singh House to Majer Singh House,2024-09-16,2024-10-18,465477.0,Physical Inspection,141227
3340,Normal/Others,"WS/MP423/2024-2025/141872-Construction of roads, link roads, pathways or any other road with or without drainage system",Bihar,ROHTAS(District Planning Officer Rohtas_IDA),Ramprit Mandal,JHANJHARPUR,Block Kharghar gram belaspur ke paschim video vaitha ke ghar se rajgrihi ray ke ghar tk pcc sadak karya district rohtas.,2024-09-20,2025-03-01,1189020.0,Physical Inspection,141872
4982,Normal/Others,"WS/MP18058/2024-2025/145165-Purchase of smart boards, visual display units and projectors",Gujarat,VADODARA(DISTRICT COLLECTOR VADODARA_IDA),DR. HEMANG JOSHI,VADODARA,sadhi gam ma Kendra sarkar dwara sanchalit Javahar Navoday Vidyalaya chatty Panch smartclassroom ni khareedi,2024-10-02,2024-12-13,625000.0,Physical Inspection,145165
5125,Normal/Others,WS/MP384/2024-2025/145501-Construction of additional rooms and halls in the existing public and community building,Rajasthan,NAGAUR(DISTRICT COLLECTOR NAGAUR_IDA),Shri Arjun Ram Meghwal,BIKANER(SC),"Sarwjanik Samudayik Bhawan Nirman Karya,Megh Aashram, Katariyon ki Dhani, Akhasar Working Agency : Gram Panchayat Tantwas",2024-10-04,2025-02-07,600000.0,Work partially Completed,145501
6198,Normal/Others,WS/MP384/2024-2025/147618-Construction of additional rooms and halls in the existing public and community building,Rajasthan,JAISALMER(DISTRICT COLLECTOR JAISLAMER_IDA),Shri Arjun Ram Meghwal,BIKANER(SC),"Sarwjanik Meghwal Samaj Hostal mein Hall Nirman Karya ; Working Agency : Gram Panchayat Barat, Panchayat Samiti Saakda",2024-10-16,2025-01-20,1495786.0,Physical Inspection,147618
6399,Normal/Others,WS/MP18076/2024-2025/148068-Construction of community centers and community halls,Karnataka,HASSAN(DEPUTY COMMISSIONER HASSAN_IDA),DR C N MANJUNATH,BANGALORE RURAL,"Construction of community hall by Hassan District Vokkaligara Sangha at S.M Krishna Nagar, Hassan CMC.",2024-10-17,2025-03-17,1000000.0,Work partially Completed,148068
7065,Normal/Others,"WS/MP582/2026-2027/149091-Purchase of prosthetics, wheel chairs, tricycles (manual or motorized), elect scooties, hearing aids",Gujarat,SURAT(DISTRICT COLLECTOR SURAT_IDA),Prabhubhai Nagarbhai Vasava,BARDOLI(ST),"Divyang Sejalben Rakeshbhai Mistry (resident of Madhi, Taluka Bardoli, District Surat) the work of electric scooter facility, Taluka Bardoli, District Surat",2024-10-23,2026-08-25,75000.0,Sanction,149091
7069,Trust and Society,WS/MP431/2024-2025/149099-Construction of community centers and community halls,Haryana,HISAR(DEPUTY COMMISSIONER HISSAR_IDA),Rao Inderjit Singh,GURGAON,Completion work of Yadav Dharamshala,2024-10-23,2025-02-21,2099331.0,Vendor Identification,149099
7098,Trust and Society,WS/MP431/2026-2027/149155-Construction of community centers and community halls,Haryana,HISAR(DEPUTY COMMISSIONER HISSAR_IDA),Rao Inderjit Singh,GURGAON,"Completion of 3rd Floor Construction, Yadav Dharmshala, and Installation of Rooftop Solar Power Plant",2024-10-23,2026-05-21,1499787.0,Sanction,149155
7197,Normal/Others,WS/MP478/2024-2025/149447-Construction of footpaths and pedestrian ways,Uttarakhand,AGRA(DISTRICT MAGISTRAE AGRA_IDA),Mala Rajya Laxmi Shah,TEHRI GARHWAL,Gram Tas Pura me ranpura tas pura samprak mrag se mayaram ke tubwel ki or C.C mrag nirman karya (Woorking Agency R E S agra),2024-10-25,2024-11-27,1399030.0,Physical Inspection,149447
7198,Normal/Others,WS/MP478/2024-2025/149448-Construction of footpaths and pedestrian ways,Uttarakhand,AGRA(DISTRICT MAGISTRAE AGRA_IDA),Mala Rajya Laxmi Shah,TEHRI GARHWAL,Gram Mutawai me Sanjeev Sharma ke makan se Bijasen ki or C.C Mrag nirman karay (Woorking Agency R E S Agra ),2024-10-25,2024-11-27,1098945.0,Physical Inspection,149448
7199,Normal/Others,WS/MP478/2024-2025/149449-Construction of footpaths and pedestrian ways,Uttarakhand,AGRA(DISTRICT MAGISTRAE AGRA_IDA),Mala Rajya Laxmi Shah,TEHRI GARHWAL,"Gram Mutawai me Munni devi ke khet se Mahesh Sharam ke Ghar tak C.C mrag Nirman Karya, (Woorking Agency R E S Agra )",2024-10-25,2024-11-27,2498299.0,Physical Inspection,149449
7357,Normal/Others,WS/MP405/2025-2026/149689-Installing community drinking water plants,Andhra Pradesh,"EAST GODAVARI(DISTRICT COLLECTOR, EAST GODAVARI)",Balashowry Vallabbhaneni,MACHILIPATNAM,"Installing community drinking water plant at Fransalian Vidyajyothi hostel, Nidadavolue, West Godavari District",2024-10-28,2025-06-27,250000.0,Work Completed,149689
7769,Normal/Others,"WS/MP529/2024-2025/150355-Construction of roads, link roads, pathways or any other road with or without drainage system",Andhra Pradesh,Annamayya(DISTRICT COLLECTOR ANNAMAYYA_IDA),Maddila Gurumoorthy,TIRUPATI(SC),"Construction of CC road from Ramulavari Gudi to Jandaman in A.Puthanavari Palli (V), Anantha samudram G.P.in Pullampeta Mandal.",2024-11-02,2024-12-21,288926.0,Physical Inspection,150355
7770,Normal/Others,"WS/MP529/2024-2025/150356-Construction of roads, link roads, pathways or any other road with or without drainage system",Andhra Pradesh,Annamayya(DISTRICT COLLECTOR ANNAMAYYA_IDA),Maddila Gurumoorthy,TIRUPATI(SC),"Construction of CC Road D. Narayana house to R&B road in Pullareddy Palli H/W (V), Anantha Samudram G.P. in Pullampeta Mandal.",2024-11-02,2024-12-21,390388.0,Physical Inspection,150356
7771,Normal/Others,"WS/MP529/2024-2025/150357-Construction of roads, link roads, pathways or any other road with or without drainage system",Andhra Pradesh,Annamayya(DISTRICT COLLECTOR ANNAMAYYA_IDA),Maddila Gurumoorthy,TIRUPATI(SC),Construction of CC road from Raju house to Sivalayam in Pullampeta G.P.& Mandal.,2024-11-02,2024-12-21,399479.0,Physical Inspection,150357
7772,Normal/Others,"WS/MP529/2024-2025/150358-Construction of roads, link roads, pathways or any other road with or without drainage system",Andhra Pradesh,Annamayya(DISTRICT COLLECTOR ANNAMAYYA_IDA),Maddila Gurumoorthy,TIRUPATI(SC),Construction of CC road from Narasimha swami temple to Botimidapalli to Yeguvareddypalli (V) in Pullampeta Mandal,2024-11-02,2024-12-21,400000.0,Sanction,150358
7773,Normal/Others,"WS/MP529/2024-2025/150359-Construction of roads, link roads, pathways or any other road with or without drainage system",Andhra Pradesh,Annamayya(DISTRICT COLLECTOR ANNAMAYYA_IDA),Maddila Gurumoorthy,TIRUPATI(SC),Construction of Ramulavari Gudi to R& B Road A.Oedipally (V) Anantha Samudram G.P.in Pullampeta Mandal.,2024-11-02,2024-12-21,389748.0,Physical Inspection,150359
7956,Trust and Society,WS/MP329/2024-2025/150655-Construction of community centers and community halls,Haryana,HISAR(DEPUTY COMMISSIONER HISSAR_IDA),Shri Dharambir Singh,BHIWANI MAHENDRAGARH,"Const. of room/bathroom/Canteen on 2nd floor for Yadav Dharamshala, Ward No.17",2024-11-04,2025-02-21,2096704.0,Work partially Completed,150655
8870,Normal/Others,WS/MP529/2024-2025/152155-Construction of culverts and bridges,Andhra Pradesh,Sri Potti Sriramulu Nellore(DISTRICT COLLECTOR NELLORE_IDA),Maddila Gurumoorthy,TIRUPATI(SC),Construction of 1000 mm dia 4 Row RCC pipe Culvert in Km 0/0 to 0/2 in Approach Road to Iskapalli in Griddalur GP of Sydapuram Mandal.,2024-11-12,2024-12-18,1483285.0,Physical Inspection,152155
11996,Repair and Renovation,WS/MP313/2024-2025/157308-Construction of community centers and community halls,Arunachal Pradesh,LOWER SIANG(Deputy Commisioner Lower Siang_IDA),Shri Tapir Gao,ARUNACHAL EAST,Maintenance of Community Hall at Tabi Ripo in Lower Siang District,2024-12-07,2025-02-19,1000000.0,Physical Inspection,157308
12132,Normal/Others,"WS/MP18351/2025-2026/157645-Construction of roads, link roads, pathways or any other road with or without drainage system",Andhra Pradesh,KURNOOL(DISTRICT COLLECTOR KURNOOL_IDA),DR BYREDDY SHABARI,NANDYAL,"providing CC Road alongwith drains from Lakshmi Reddy to Krishna Reddy house, Guttapadu Village of Orvakal Mandal.",2024-12-09,2025-06-24,500000.0,Vendor Identification,157645
12315,Normal/Others,WS/MP384/2025-2026/157989-Construction of public libraries and reading rooms,Rajasthan,CHITTORGARH(DISTRICT COLLECTOR CHITTORGARH_IDA),Shri Arjun Ram Meghwal,BIKANER(SC),"Construction of Public Library, Meghwal Samaaj Chaatrawas, Nimbahera, District Chittorgarh Working Agency : NagarPalika Nimbahera Contact person : Dr. Tarachand Meghwal, Jila Parishad Sadsay, Chittorgarh +91-9636336699",2024-12-10,2025-06-17,1000000.0,Physical Inspection,157989
12680,Normal/Others,WS/MP18351/2025-2026/158765-Installing community drinking water plants,Andhra Pradesh,KURNOOL(DISTRICT COLLECTOR KURNOOL_IDA),DR BYREDDY SHABARI,NANDYAL,"Establishment of a mineral water plant in Thippayapalli village, Orvakal Mandal, to provide safe and clean drinking water. The project involves installing purification systems, conducting quality checks, and generating local employment, ensuring improved public health and sustainable water access for the community.",2024-12-14,2025-09-02,500000.0,Sanction,158765
12686,Repair and Renovation,WS/MP18351/2025-2026/158792-Renovation of ponds and lakes,Andhra Pradesh,KURNOOL(DISTRICT COLLECTOR KURNOOL_IDA),DR BYREDDY SHABARI,NANDYAL,"Repairs to the sluice of Appala Reddy Cheruvu in Palakolanu Village, Orvakal Mandal. The proposed work includes restoration and strengthening of the sluice structure to ensure proper water flow management, prevent leakage, and enhance the irrigation potential of the tank, benefiting the local agricultural community.",2024-12-15,2025-10-27,499988.0,Physical Inspection,158792
12777,Normal/Others,"WS/MP18354/2024-2025/158913-Construction of roads, link roads, pathways or any other road with or without drainage system",Chhattisgarh,Sarangarh-Bilaigarh(Collector SB_IDA),CHINTAMANI MAHARAJ,SARGUJA(ST),GRAM PANCHYAT BHATAGAON ME VRINDA SUMAN GHAR SE MUKATI DHAM MARG KI OR C.C. ROAD NIRMAN,2024-12-16,2024-12-26,500000.0,Work partially Completed,158913
12801,Trust and Society,WS/MP329/2025-2026/158942-Construction of community centers and community halls,Haryana,GURUGRAM(DC CUM NODAL OFFICER MPLADS_5),Shri Dharambir Singh,BHIWANI MAHENDRAGARH,"Jat Kalyan Sabha Sector 10, Gurugram for Construction of rooms",2024-12-16,2025-04-23,2100000.0,Sanction,158942
12881,Trust and Society,WS/MP18118/2025-2026/159252-Construction of rooms and halls in school and colleges,Maharashtra,AZAMGARH(DISTRICT MAGISTRATE AZAMGARH_IDA),BHASKAR MURLIDHAR BHAGARE,DINDORI(ST),Building Construction of ANUPAMA RAI MEMORIAL COLLEGE OF EDUCATION run by ANUPAMA RAI SMARAK JANSEWA SANSTHAN NYAS/TRUST,2024-12-17,2025-09-29,1000000.0,Vendor Identification,159252
13567,Trust and Society,WS/MP18118/2025-2026/160490-Construction of rooms and halls in school and colleges,Maharashtra,AZAMGARH(DISTRICT MAGISTRATE AZAMGARH_IDA),BHASKAR MURLIDHAR BHAGARE,DINDORI(ST),Construction of Building of BABA BAIJNATH U M V run by ISHWARI SAMARAK SIKSHAN SEVA SANSTHAN at VILL SARUPAHUA POST SARUPAHUA Tehsil LALGANJ DIST AZAMGARH UTTAR PRADESH,2024-12-20,2025-07-21,1000000.0,Vendor Identification,160490
13569,Trust and Society,WS/MP18118/2025-2026/160495-Construction of rooms and halls in school and colleges,Maharashtra,AZAMGARH(DISTRICT MAGISTRATE AZAMGARH_IDA),BHASKAR MURLIDHAR BHAGARE,DINDORI(ST),"Building Work (Construction of Roof of Rooms) of Ultra Modern Girls Degree College, Mehnagar, Azamgarh run by Ramraj Educational Trust Village Mustafabad Post Dewait Dist. Azamgarh",2024-12-20,2025-09-03,1000000.0,Vendor Identification,160495
13577,Trust and Society,WS/MP18118/2025-2026/160504-Construction of rooms and halls in school and colleges,Maharashtra,AZAMGARH(DISTRICT MAGISTRATE AZAMGARH_IDA),BHASKAR MURLIDHAR BHAGARE,DINDORI(ST),Building Construction (Class Room) of Gramin Mahila Mahavidyalaya run by Gramin Balika Shiksha Samiti at Village Ranipur Rajmo Post Bindra Bajar Tehsil Mehnagar Dist Azamgarh Uttar Pradesh,2024-12-20,2026-03-30,1000000.0,Vendor Identification,160504
14468,Normal/Others,"WS/MP18351/2025-2026/161796-Construction of roads, link roads, pathways or any other road with or without drainage system",Andhra Pradesh,KURNOOL(DISTRICT COLLECTOR KURNOOL_IDA),DR BYREDDY SHABARI,NANDYAL,"4. Development of CC Road from Chakali Anjaneyudu House to Pinjari Moulali House in Chinnatekur Village, Kallur Mandal Enhancing intra-village connectivity and improving access for local residents, promoting ease of travel",2024-12-26,2025-06-24,500000.0,Work partially Completed,161796
15337,Normal/Others,WS/MP604/2025-2026/163253-Purchase of books and periodicals for libraries/digitization of library books,Jharkhand,DEOGHAR(DEPUTY COMMISSIONER DEOGHAR_IDA),Nishikant Dubey,GODDA,"Allocation of Funds for Deoghar Pustak Mela, the festival is scheduled for 12th January. In light of its immence cultural and educational value, I humble request the allocation of 21 lakh from my MPLAD for formation of a Book Acquisition amd Book distribution to enhance the literacy resources available to students and readers in these areas.",2025-01-02,2025-07-17,1785510.0,Work partially Completed,163253
16394,Normal/Others,WS/MP793/2024-2025/165157-Lighting of public spaces,Uttar Pradesh,GORAKHPUR(DISTRICT MAGISTRATE GORAKHPUR_IDA),Kamlesh Paswan,BANSGAON(SC),Installation of 01 number (20 meters) high mast light at public place in front of Panchayat Bhawan in village Jungle Kshatradhari (Shahpur) of Gorakhpur development block Chargawa.,2025-01-13,2025-02-15,1600000.0,Work partially Completed,165157
16676,Normal/Others,"WS/MP243/2025-2026/165690-Construction of roads, link roads, pathways or any other road with or without drainage system",West Bengal,MURSHIDABAD(DISTRICT MAGISTRATE MURSHIDABAD_IDA),Kakoli Ghosh Dastidar,BARASAT,Construction of widening of R N Tagore road (bituminous),2025-01-15,2025-06-26,2382939.0,Sanction,165690
16810,Trust and Society,WS/MP18064/2024-2025/166030-Construction of boundary walls of existing public and community buildings,Haryana,REWARI(District Commissioner Rewari),NAVEEN JINDAL,KURUKSHETRA,"Construction and repair of boundry wall, repair and renovation of Shri Bhagwat Bhakti Ashram Trust Society Rampura Rewari",2025-01-16,2025-01-28,2500000.0,Physical Inspection,166030
16828,Trust and Society,WS/MP582/2025-2026/166068-Construction of footpaths and pedestrian ways,Gujarat,SURAT(DISTRICT COLLECTOR SURAT_IDA),Prabhubhai Nagarbhai Vasava,BARDOLI(ST),"Paver block work at Saraswati Hindi Vidya Bhavan School at Sachin, Ta. Choryasi, Dist.Surat",2025-01-16,2025-08-08,1000000.0,Sanction,166068
16877,Normal/Others,WS/MP18020/2025-2026/166174-Setting up crops conservation facilities,Assam,CHIRANG(Deputy Commissioner Chirang_IDA),PHANI BHUSAN CHOUDHURY,BARPETA,"Construction of Boundary wall with fencing and gate at Gandhi Mohila Committee, vill-Palasguri at Khagrabari",2025-01-17,2025-08-26,1000000.0,Vendor Identification,166174
16956,Trust and Society,WS/MP18118/2025-2026/166392-Construction of rooms and halls in school and colleges,Maharashtra,AZAMGARH(DISTRICT MAGISTRATE AZAMGARH_IDA),BHASKAR MURLIDHAR BHAGARE,DINDORI(ST),Carrying out building construction of Athrava Nursing and Paramedical College run by Raja Ram Seva Santhan Trust at Village and Post Kharihani Tehsil and Block Mehnagar District Azamgarh Uttar Pradesh 276204,2025-01-18,2025-09-26,1000000.0,Work partially Completed,166392
17391,Repair and Renovation,WS/MP18271/2025-2026/167573-Construction of community centers and community halls,West Bengal,North 24 Parganas(DISTRICT MAGISTRATE NORTH TWENTY FOUR PARGANAS_IDA),JAGADISH CHANDRA BARMA BASUNIA,COOCHBEHAR(SC),Construction for Strengthening and retrofitting structural works including other allied works of Cooch Behar Bhawan 2nd Floor at Ward No.31 of Bidhannagar Municipality Sector 1 Bidhannagar Kolkata West Bengal 700064,2025-01-21,2025-08-22,4847265.0,Physical Inspection,167573
17834,Normal/Others,WS/MP641/2025-2026/168813-Construction of community centers and community halls,Madhya Pradesh,DHAR(DISTRICT COLLECTOR DHAR_IDA),Gajendra Singh Patel,KHARGONE(ST),Construction of community hall in village Dahod at near Kasht Bhanjan Mandir,2025-01-24,2026-03-09,1000000.0,Vendor Identification,168813
18322,Trust and Society,WS/MP329/2024-2025/169455-Construction of community centers and community halls,Haryana,REWARI(District Commissioner Rewari),Shri Dharambir Singh,BHIWANI MAHENDRAGARH,"Repair and renovation of Old Buildings at Shri Bhagwat Bhakti Ashram, Rampura, Rewari",2025-01-28,2025-02-17,800000.0,Physical Inspection,169455
18323,Normal/Others,"WS/MP18157/2024-2025/169461-Construction of roads, link roads, pathways or any other road with or without drainage system",Punjab,SRI MUKTSAR SAHIB(DEPUTY COMMISSIONER SRI MUKTSAR SAHIB_IDA),AMRINDER SINGH RAJA WARRING,LUDHIANA,"Construction of Street by laying Interlock tiles with Drain From Main Road Phirni to house of Joginder Singh in Village Assa Buttar, Distt. Sri Muktsar Sahib.",2025-01-28,2025-01-30,685000.0,Vendor Identification,169461
18324,Normal/Others,"WS/MP18157/2024-2025/169462-Construction of roads, link roads, pathways or any other road with or without drainage system",Punjab,SRI MUKTSAR SAHIB(DEPUTY COMMISSIONER SRI MUKTSAR SAHIB_IDA),AMRINDER SINGH RAJA WARRING,LUDHIANA,Construction of Street by laying Interlock tiles From House of Jarnail Singh to house of Gurdas Singh via house of Jagseer Singh and house of Gagandeep Singh in Vill. Gurri Sangar Distt. Sri Muktsar Sahib,2025-01-28,2025-01-30,575000.0,Work Completed,169462
18325,Normal/Others,"WS/MP18157/2024-2025/169463-Construction of roads, link roads, pathways or any other road with or without drainage system",Punjab,SRI MUKTSAR SAHIB(DEPUTY COMMISSIONER SRI MUKTSAR SAHIB_IDA),AMRINDER SINGH RAJA WARRING,LUDHIANA,"Construction of Street by laying Interlock tiles with Drain From Peori to Loolbai Road via house of Raja Singh in Village Peori, Distt. Sri Muktsar Sahib.",2025-01-28,2025-01-30,410000.0,Vendor Identification,169463
18758,Normal/Others,WS/MP18021/2025-2026/170348-Construction of community centers and community halls,Assam,LAKHIMPUR(DEPUTY COMMISSIONER LAKHIMPUR_IDA),RAKIBUL HUSSAIN,DHUBRI,Construction of Community Hall at Bishunagar Adarsha Gaon,2025-01-29,2025-08-30,500000.0,Work partially Completed,170348
20327,Normal/Others,WS/MP18202/2025-2026/174586-Improvement of electricity distribution infrastructure,Uttar Pradesh,MAU(DISTRICT MAGISTRATE MAU_IDA),DHARMENDRA YADAV,AZAMGARH,Installation of 25 KVA DP with 2 poles with wire in land of shri Musafir Yadav.,2025-02-08,2025-09-25,199546.0,Work Completed,174586
20629,Normal/Others,WS/MP18134/2025-2026/175361-Providing CCTV camera system for security of public areas,Maharashtra,SAHARSA(DISTRICT PLANNING OFFICER SAHARSA_IDA),BHAUSAHEB RAJARAM WAKCHAURE,SHIRDI(SC),13 Camera for security purpose as per attched list,2025-02-12,2025-08-28,198500.0,Physical Inspection,175361
20798,Normal/Others,WS/MP18209/2025-2026/175676-Construction of rooms and halls in school and colleges,Uttar Pradesh,PRAYAGRAJ(DISTRICT MAGISTRAE ALLAHABAD_IDA),CHANDAN CHAUHAN,BIJNOR,Construction work of Room and Toilet in Shri Ranjit Pandit Inter Collage Naini Paryagraj.,2025-02-15,2025-08-27,1000000.0,Work partially Completed,175676
21149,Normal/Others,WS/MP18200/2024-2025/176400-Providing drains and gutters for public drainage,Uttar Pradesh,HAMIRPUR(DEPUTY COMMISSIONER HAMIRPUR_IDA),KISHORI LAL,AMETHI,Construction of drainage system on the request of Shri Gopal Krishan Sharma (Mobile No. 9868215292) at Village Jalakar(Kitpal) from the backside of his house towards north side and south side to be connected with Nalas. Drainage system is approximately 500 mtrs.,2025-02-19,2025-03-03,300000.0,Physical Inspection,176400
21476,Normal/Others,WS/MP18190/2025-2026/176975-Installing tube-wells and borewells,Telangana,PRAKASAM(DISTRICT COLLECTOR PRAKASAM_IDA),BALRAM NAIK PORIKA,MAHABUBABAD,Providing Deep borewell and pumpset at Church site in SC Colony (Madiga Palle),2025-02-22,2025-08-30,140000.0,Sanction,176975
21478,Normal/Others,WS/MP18190/2025-2026/176977-Installing tube-wells and borewells,Telangana,PRAKASAM(DISTRICT COLLECTOR PRAKASAM_IDA),BALRAM NAIK PORIKA,MAHABUBABAD,Providing Deep borewell and pumpset in ST Colony of Kothapalem Habitation,2025-02-22,2025-08-30,140000.0,Sanction,176977
21480,Normal/Others,"WS/MP18190/2025-2026/176981-Construction of roads, link roads, pathways or any other road with or without drainage system",Telangana,PRAKASAM(DISTRICT COLLECTOR PRAKASAM_IDA),BALRAM NAIK PORIKA,MAHABUBABAD,Providing internal CC road from Vemarthi Sundaramma house to Dammu Chenchamma House at SC Colony Mala Palle Tallur,2025-02-22,2025-05-15,300000.0,Sanction,176981
21491,Normal/Others,"WS/MP18190/2025-2026/177022-Construction of roads, link roads, pathways or any other road with or without drainage system",Telangana,PRAKASAM(DISTRICT COLLECTOR PRAKASAM_IDA),BALRAM NAIK PORIKA,MAHABUBABAD,Providing internal CC road from Naguluri Abraham house to Naguluri Samuel house at Thallur,2025-02-22,2025-05-15,400000.0,Sanction,177022
21879,Normal/Others,WS/MP623/2025-2026/177709-Construction of rooms and halls in school and colleges,Karnataka,DHARWAD(DEPUTY COMMISSIONER DHARWAR_IDA),Ramesh Chandappa Jigajinagi,BIJAPUR(SC),Construction of Class Room For Under the Trust of Vanita Seva Samaj Pre and Primary School Class Room,2025-02-26,2026-03-16,1000000.0,Sanction,177709
22249,Repair and Renovation,"WS/MP18001/2025-2026/178400-Construction of roads, link roads, pathways or any other road with or without drainage system",Andhra Pradesh,Kakinada(DISTRICT COLLECTOR KAKINADA_IDA),GM Harish Balayogi,AMALAPURAM(SC),Repairs and improvements to the Rope way bridge across Athreya Paya in Korangi (V) of Tallarevu (M),2025-03-01,2025-04-11,2000000.0,Sanction,178400
23013,Normal/Others,WS/MP585/2025-2026/179508-Construction of common work sheds/ common covered sitting area,Gujarat,MAHESANA(DISTRICT COLLECTOR MAHESANA_IDA),Hasmukh Bhai Soma Bhai Patel,AHMEDABAD EAST,Construction of shed and Kitchen for Mid Day Meal at Jagudan Primary Girls School,2025-03-06,2025-08-01,490000.0,Vendor Identification,179508
23645,Normal/Others,WS/MP005/2026-2027/180719-Construction of public libraries and reading rooms,Gujarat,ANAND(District Collector ANAND_IDA),Devusinh Jesingbhai Chauhan,KHEDA,"Construction of Smart rooms at Ambedakar Sansakar Dham, High secondary School",2025-03-10,2026-07-22,495000.0,Sanction,180719
23985,Normal/Others,WS/MP18157/2025-2026/181306-Purchase of mobile water tankers,Punjab,SRI MUKTSAR SAHIB(DEPUTY COMMISSIONER SRI MUKTSAR SAHIB_IDA),AMRINDER SINGH RAJA WARRING,LUDHIANA,"Provisioning of 5000Lt Water tank with fire extinguisher at Village Warring, Constituency Sri Muktsar sahib, Distt. Sri Muktsar Sahib",2025-03-12,2025-04-23,250000.0,Physical Inspection,181306
26736,Normal/Others,WS/MP18044/2025-2026/185274-Providing CCTV camera system for security of public areas,Bihar,SITAMARHI(DISTRICT PLANNING OFFICER SITAMARHI_IDA),DEVESH CHANDRA THAKUR,SITAMARHI,Area under Sursand police station 2 Camera,2025-03-21,2025-05-29,250000.0,Physical Inspection,185274
26740,Normal/Others,WS/MP18044/2025-2026/185278-Providing CCTV camera system for security of public areas,Bihar,SITAMARHI(DISTRICT PLANNING OFFICER SITAMARHI_IDA),DEVESH CHANDRA THAKUR,SITAMARHI,Install 04 CCTV camera,2025-03-21,2025-05-29,500000.0,Physical Inspection,185278
26754,Normal/Others,WS/MP18156/2025-2026/185308-Installation of multi-gym equipment,Punjab,MANSA(DEPUTY COMMISSIONER MANSA_IDA),CHARANJIT SINGH CHANNI,JALANDHAR(SC),Installation of Gym Equipment at Gram Karandi (201)Gram Karandi,2025-03-21,2025-04-30,200000.0,Physical Inspection,185308
26755,Normal/Others,WS/MP18156/2025-2026/185309-Installation of multi-gym equipment,Punjab,MANSA(DEPUTY COMMISSIONER MANSA_IDA),CHARANJIT SINGH CHANNI,JALANDHAR(SC),"Installation of Gym Equipment at Mussa(84), Tehsil Mansa Dist Mansa Punjab 151508",2025-03-21,2025-05-02,499966.0,Physical Inspection,185309
26757,Trust and Society,WS/MP18156/2025-2026/185312-Setting up public non-conventional energy plants,Punjab,KAPURTHALA(DEPUTY COMMISSIONER KAPURTHALA_IDA),CHARANJIT SINGH CHANNI,JALANDHAR(SC),"Installation of solar light from Bus Stand Khojewala to Satsang Ghar VILLAGE FEROZ Open door welfare society Jalandhar Kapurthala road, Khojewala Distt KapurthalA",2025-03-21,2025-11-19,1000000.0,Physical Inspection,185312
26875,Normal/Others,WS/MP423/2025-2026/185515-Installing tube-wells and borewells,Bihar,MADHUBANI(DISTRICT PLANNING OFFICER MADHUBANI_IDA),Ramprit Mandal,JHANJHARPUR,village salempur panchayat dahibhat madhopur ward no 8 block pandaul block sthith aditya narayn jha ke ghar ke najdik samar sibal pump ka adhisthaan karya.,2025-03-22,2025-05-05,168413.0,Physical Inspection,185515
27095,Normal/Others,"WS/MP18004/2025-2026/185780-Construction of roads, link roads, pathways or any other road with or without drainage system",Andhra Pradesh,"EAST GODAVARI(DISTRICT COLLECTOR, EAST GODAVARI)",Gumma Thanuja Rani,ARAKU(ST),construction of cc drains,2025-03-24,2025-10-24,500000.0,Work Completed,185780
27256,Normal/Others,"WS/MP18158/2025-2026/186022-Construction of roads, link roads, pathways or any other road with or without drainage system",Punjab,LUDHIANA(DEPUTY COMMISSIONER LUDHIANA_IDA),DR DHARAMVIRA GANDHI,PATIALA,"Construction of road, link road in village Shamaspur, Tehsil Samrala, District Ludhiana",2025-03-24,2025-04-16,500000.0,Physical Inspection,186022
27489,Normal/Others,"WS/MP18004/2025-2026/186328-Construction of roads, link roads, pathways or any other road with or without drainage system",Andhra Pradesh,"EAST GODAVARI(DISTRICT COLLECTOR, EAST GODAVARI)",Gumma Thanuja Rani,ARAKU(ST),"Construction of CC drainage at M.Mallavaram village, Gokavaram Mandal",2025-03-25,2025-10-24,500000.0,Work Completed,186328
27561,Normal/Others,WS/MP18044/2025-2026/186482-Providing CCTV camera system for security of public areas,Bihar,SITAMARHI(DISTRICT PLANNING OFFICER SITAMARHI_IDA),DEVESH CHANDRA THAKUR,SITAMARHI,,2025-03-25,2025-05-29,250000.0,Physical Inspection,186482
27562,Normal/Others,WS/MP18044/2025-2026/186485-Providing CCTV camera system for security of public areas,Bihar,SITAMARHI(DISTRICT PLANNING OFFICER SITAMARHI_IDA),DEVESH CHANDRA THAKUR,SITAMARHI,1 CCTV Camera,2025-03-25,2025-05-29,125000.0,Physical Inspection,186485
27563,Normal/Others,WS/MP18044/2025-2026/186486-Providing CCTV camera system for security of public areas,Bihar,SITAMARHI(DISTRICT PLANNING OFFICER SITAMARHI_IDA),DEVESH CHANDRA THAKUR,SITAMARHI,2 CCTV Camera,2025-03-25,2025-05-28,250000.0,Physical Inspection,186486
27564,Normal/Others,WS/MP18044/2025-2026/186487-Providing CCTV camera system for security of public areas,Bihar,SITAMARHI(DISTRICT PLANNING OFFICER SITAMARHI_IDA),DEVESH CHANDRA THAKUR,SITAMARHI,1 Camera,2025-03-25,2025-05-28,125000.0,Physical Inspection,186487
27566,Normal/Others,WS/MP18044/2025-2026/186489-Providing CCTV camera system for security of public areas,Bihar,SITAMARHI(DISTRICT PLANNING OFFICER SITAMARHI_IDA),DEVESH CHANDRA THAKUR,SITAMARHI,1 CCTV Camera,2025-03-25,2025-05-28,125000.0,Physical Inspection,186489
27567,Normal/Others,WS/MP18044/2025-2026/186490-Providing CCTV camera system for security of public areas,Bihar,SITAMARHI(DISTRICT PLANNING OFFICER SITAMARHI_IDA),DEVESH CHANDRA THAKUR,SITAMARHI,1 CCTV Camera,2025-03-25,2025-05-28,125000.0,Physical Inspection,186490
27568,Normal/Others,WS/MP18044/2025-2026/186491-Providing CCTV camera system for security of public areas,Bihar,SITAMARHI(DISTRICT PLANNING OFFICER SITAMARHI_IDA),DEVESH CHANDRA THAKUR,SITAMARHI,1 CCTV Camera,2025-03-25,2025-05-28,125000.0,Physical Inspection,186491
27572,Normal/Others,WS/MP18044/2025-2026/186496-Providing CCTV camera system for security of public areas,Bihar,SITAMARHI(DISTRICT PLANNING OFFICER SITAMARHI_IDA),DEVESH CHANDRA THAKUR,SITAMARHI,07 CCTV Camera,2025-03-25,2025-05-28,875000.0,Physical Inspection,186496
27573,Normal/Others,WS/MP18044/2025-2026/186497-Providing CCTV camera system for security of public areas,Bihar,SITAMARHI(DISTRICT PLANNING OFFICER SITAMARHI_IDA),DEVESH CHANDRA THAKUR,SITAMARHI,1 CCTV Camera,2025-03-25,2025-05-28,125000.0,Physical Inspection,186497
27574,Normal/Others,WS/MP18044/2025-2026/186498-Providing CCTV camera system for security of public areas,Bihar,SITAMARHI(DISTRICT PLANNING OFFICER SITAMARHI_IDA),DEVESH CHANDRA THAKUR,SITAMARHI,1 CCTV Camera,2025-03-25,2025-05-28,125000.0,Physical Inspection,186498
27576,Normal/Others,WS/MP18044/2025-2026/186500-Providing CCTV camera system for security of public areas,Bihar,SITAMARHI(DISTRICT PLANNING OFFICER SITAMARHI_IDA),DEVESH CHANDRA THAKUR,SITAMARHI,2 CCTV Camera,2025-03-25,2025-05-28,250000.0,Physical Inspection,186500
27577,Normal/Others,WS/MP18044/2025-2026/186501-Providing CCTV camera system for security of public areas,Bihar,SITAMARHI(DISTRICT PLANNING OFFICER SITAMARHI_IDA),DEVESH CHANDRA THAKUR,SITAMARHI,2 CCTV Camera,2025-03-25,2025-05-28,250000.0,Physical Inspection,186501
27621,Normal/Others,WS/MP18044/2025-2026/186607-Providing CCTV camera system for security of public areas,Bihar,SITAMARHI(DISTRICT PLANNING OFFICER SITAMARHI_IDA),DEVESH CHANDRA THAKUR,SITAMARHI,4 CCTV Camera install under the area of Dumra Police station.,2025-03-26,2025-05-28,500000.0,Physical Inspection,186607
27622,Normal/Others,WS/MP18044/2025-2026/186609-Providing CCTV camera system for security of public areas,Bihar,SITAMARHI(DISTRICT PLANNING OFFICER SITAMARHI_IDA),DEVESH CHANDRA THAKUR,SITAMARHI,4 CCTV Camera install under the area of Town Police station,2025-03-26,2025-05-28,500000.0,Physical Inspection,186609
27708,Normal/Others,WS/MP465/2025-2026/186775-Construction of shelters for animals,Uttar Pradesh,BIJNOR(DISTRICT MAGISTRATE BIJNOR_IDA),Swami Sachchidanandhari Sakshi ji Maharaj,UNNAO,Shri Krishnayan gaurakshashala sabal garh (Bhaguwala) Bijnor me Teen Shed nirman hetu.,2025-03-26,2025-08-04,4997529.0,Physical Inspection,186775
29198,Normal/Others,"WS/MP18099/2025-2026/189357-Construction of roads, link roads, pathways or any other road with or without drainage system",Madhya Pradesh,DATIA(District Collector Datia_IDA),ALOK SHARMA,BHOPAL,Construction Of Road in Village pandhokar in zakir khan house to Manch,2025-04-04,2025-06-11,1500000.0,Vendor Identification,189357
29199,Normal/Others,"WS/MP18099/2025-2026/189358-Construction of roads, link roads, pathways or any other road with or without drainage system",Madhya Pradesh,DATIA(District Collector Datia_IDA),ALOK SHARMA,BHOPAL,Construction Of Road in Pandhokar Village from Sanjay Soni House to Alnkrit Bhardwaj House,2025-04-04,2025-06-11,1000000.0,Vendor Identification,189358
29209,Normal/Others,"WS/MP578/2025-2026/189414-Construction of flood control embankments/ protection walls along riverbanks, hilltops, roadsides",Gujarat,NARMADA(DISTRICT COLLECTOR NARMADA_IDA),Mansukhbhai Dhanjibhai Vasava,BHARUCH,Protection wall at Fulvadi village,2025-04-04,2025-06-24,1777715.0,Physical Inspection,189414
29413,Normal/Others,WS/MP793/2025-2026/189850-Lighting of public spaces,Uttar Pradesh,GORAKHPUR(DISTRICT MAGISTRATE GORAKHPUR_IDA),Kamlesh Paswan,BANSGAON(SC),Janpad gorakhpur vikas khand chargaon ke gram jungle kshatradhari shahpur mein shri phagu nishad ke ghar ke samne sarvajnik sthal par 20 meter ka heigh mast light ki sthapana 01 number,2025-04-07,2025-05-17,1600000.0,Physical Inspection,189850
29837,Normal/Others,WS/MP18370/2025-2026/190903-Development of playground,Manipur,BISHNUPUR(Deputy Commissioner Bishnupur_ida),ALFRED KANNGAM S ARTHUR,OUTER MANIPUR(ST),Development of Lashal playground,2025-04-12,2025-05-08,1000000.0,Vendor Identification,190903
30314,Normal/Others,WS/MP18190/2025-2026/192005-Construction of public libraries and reading rooms,Telangana,SIDDIPET(District Collector Siddipet_IDA),BALRAM NAIK PORIKA,MAHABUBABAD,"Construction of Reading Rooms at Dubbaka main Road, Bus Stand Neelakanta",2025-04-17,2026-01-07,998000.0,Work Completed,192005
30499,Normal/Others,WS/MP18018/2025-2026/192509-Installing community drinking water plants,Andhra Pradesh,Y.S.R. Kadapa(DISTRICT COLLECTOR CUDDAPAH_IDA),Appalanaidu Kalisetti,VIZIANAGARAM,"Providing R.O. Water Plant at Yadavakunta Village,Gotur Panchayat,Thondur Mandal in YSR Cuddpah District",2025-04-19,2025-12-24,500000.0,Sanction,192509
30581,Normal/Others,WS/MP478/2025-2026/192761-Installing tube-wells and borewells,Uttarakhand,AGRA(DISTRICT MAGISTRAE AGRA_IDA),Mala Rajya Laxmi Shah,TEHRI GARHWAL,Gram Rampura ke pura harsukh me chandraprkash putra ramkhiladi ke ghar ke pass sarvjanik sthan par Samarsevil Pamp mai Tanki Nirman (working agency UP Sidco agra),2025-04-20,2025-07-15,249047.0,Physical Inspection,192761
30582,Normal/Others,WS/MP478/2025-2026/192762-Installing tube-wells and borewells,Uttarakhand,AGRA(DISTRICT MAGISTRAE AGRA_IDA),Mala Rajya Laxmi Shah,TEHRI GARHWAL,Gram Rampura ke pura harsukh me atindra jatav putra rajpati jatav ke ghar ke pass sarvjanik sthan par Samarsevil Pump mai Tanki Nirman ( Working agency UP Sidco agra),2025-04-20,2025-07-15,249164.0,Physical Inspection,192762
30583,Normal/Others,WS/MP478/2025-2026/192763-Installing tube-wells and borewells,Uttarakhand,AGRA(DISTRICT MAGISTRAE AGRA_IDA),Mala Rajya Laxmi Shah,TEHRI GARHWAL,Gram Rampura ke Dandniya pura me Ramprkash ke ghar ke pass sarvjani sthan par Samarsevil Pump mai Tanki Nirman (working agency UP Sidco agra),2025-04-20,2025-07-15,249164.0,Physical Inspection,192763
30584,Normal/Others,WS/MP478/2025-2026/192764-Installing tube-wells and borewells,Uttarakhand,AGRA(DISTRICT MAGISTRAE AGRA_IDA),Mala Rajya Laxmi Shah,TEHRI GARHWAL,Gram Rampura ke pura harsukh me kanti kumar ke ghar ke pass sarvjanik sthan par Samarsevil Pump mai Tanki Nirman (working agency UP Sidco agra),2025-04-20,2025-07-15,249164.0,Physical Inspection,192764
30585,Normal/Others,WS/MP478/2025-2026/192765-Installing tube-wells and borewells,Uttarakhand,AGRA(DISTRICT MAGISTRAE AGRA_IDA),Mala Rajya Laxmi Shah,TEHRI GARHWAL,Gram Chamrauli ke thar Pirothiya me man signgh putra shyamlalke ghar ke pass sarvjanik sthan par Samarsevil Pump mai Tanki Nirman (working agency UP Sidco agra),2025-04-20,2025-07-15,249164.0,Physical Inspection,192765
30586,Normal/Others,WS/MP478/2025-2026/192766-Installing tube-wells and borewells,Uttarakhand,AGRA(DISTRICT MAGISTRAE AGRA_IDA),Mala Rajya Laxmi Shah,TEHRI GARHWAL,Gram Nagariya ke gadarpura me madho singh bagel ke ghar ke pass sarvjanik sthan par Samarsevil Pump mai Tanki Nirman (working agency UP Sidco agra),2025-04-20,2025-07-15,249164.0,Physical Inspection,192766
30587,Normal/Others,WS/MP478/2025-2026/192767-Installing tube-wells and borewells,Uttarakhand,AGRA(DISTRICT MAGISTRAE AGRA_IDA),Mala Rajya Laxmi Shah,TEHRI GARHWAL,Gram Wazidpur me Jhapo net ke passSarvjanik Sthan par Samarsevil Pump mai Tanki Nirman (Working Agency UP Sidco agra),2025-04-20,2025-07-15,249164.0,Physical Inspection,192767
30588,Normal/Others,WS/MP478/2025-2026/192768-Installing tube-wells and borewells,Uttarakhand,AGRA(DISTRICT MAGISTRAE AGRA_IDA),Mala Rajya Laxmi Shah,TEHRI GARHWAL,Gram Mohammadpur me Pohap singh putra atar singh ke ghar ke pass Sarvjanik sthan par Samarsevil Pump mai Tanki Nirman ( working Agency UP Sidco agra),2025-04-20,2025-07-15,249164.0,Physical Inspection,192768
30589,Normal/Others,WS/MP478/2025-2026/192769-Installing tube-wells and borewells,Uttarakhand,AGRA(DISTRICT MAGISTRAE AGRA_IDA),Mala Rajya Laxmi Shah,TEHRI GARHWAL,Gram Rampura ke pura harsukh me Vinoda putra Nathilal ke ghar ke pass sarvjanik sthan par Samarsevil Pump mai Tanki Nirman (Working Agency UP Sidco agra),2025-04-20,2025-07-15,249164.0,Physical Inspection,192769
30590,Normal/Others,WS/MP478/2025-2026/192770-Installing tube-wells and borewells,Uttarakhand,AGRA(DISTRICT MAGISTRAE AGRA_IDA),Mala Rajya Laxmi Shah,TEHRI GARHWAL,Gram Rampura ke Pura harsukh me tukman singh putra Ram singh ke ghar ke pass sarvjanik sthan par Samarsevil Pump mai Tanki Nirman (Working Agency UP Sidco agra),2025-04-20,2025-07-15,249164.0,Physical Inspection,192770
30591,Normal/Others,WS/MP478/2025-2026/192771-Installing tube-wells and borewells,Uttarakhand,AGRA(DISTRICT MAGISTRAE AGRA_IDA),Mala Rajya Laxmi Shah,TEHRI GARHWAL,"Gram Rampura ke pura harsukh me bhuri singh, bhagat singh ke ghar ke pass sarvjanik sthan par Samarsevil Pump mai Tanki nirman ( Working agency UP Sidco agra)",2025-04-20,2025-07-15,248687.0,Physical Inspection,192771
30592,Normal/Others,WS/MP478/2025-2026/192772-Installing tube-wells and borewells,Uttarakhand,AGRA(DISTRICT MAGISTRAE AGRA_IDA),Mala Rajya Laxmi Shah,TEHRI GARHWAL,Gram Rampura ke Pura harsukh me Nirpat singh ke ghar ke pass sarvjanik sthan par Samarsevil Pump mai Tanki Nirman ( workin agency UP Sidco agra),2025-04-20,2025-07-15,248687.0,Physical Inspection,192772
30853,Normal/Others,"WS/MP18311/2025-2026/193422-Purchase of IT systems, including hardware and software for educational purposes",Punjab,CHANDIGARH(DEPUTY COMMISSIONER ZILLA PARISHAD CHANDIGARH_IDA),MALVINDER SINGH KANG,ANANDPUR SAHIB,"Purchase of IT systems, including hardware and software for educational purposes at Punjab university sector 14 for department of defence and national security studies at chandigarh",2025-04-22,2025-07-10,996250.0,Physical Inspection,193422
32455,Repair and Renovation,WS/MP18271/2025-2026/196965-Construction of community centers and community halls,West Bengal,North 24 Parganas(DISTRICT MAGISTRATE NORTH TWENTY FOUR PARGANAS_IDA),JAGADISH CHANDRA BARMA BASUNIA,COOCHBEHAR(SC),Construction for Strengthening and retrofitting structural works including other allied works of Cooch Behar Bhawan 3rd Floor at Ward No.31 of Bidhannagar Municipality Sector 1 Bidhannagar Kolkata West Bengal 700064,2025-05-05,2025-10-09,4898435.0,Physical Inspection,196965
32497,Trust and Society,WS/MP591/2025-2026/197032-Construction of additional rooms and halls in the existing public and community building,Haryana,JAIPUR(DISTRICT COLLECTOR JAIPUR_IDA),Krishan Pal Gurjar,FARIDABAD,Construction of Additional Hall,2025-05-06,2026-01-27,2100000.0,Work partially Completed,197032
32498,Normal/Others,WS/MP380/2025-2026/197033-Development of playfields and sports grounds,Punjab,LUDHIANA(DEPUTY COMMISSIONER LUDHIANA_IDA),Shri Amar Singh,FATEHGARH SAHIB(SC),FOR CONSTRUCTION OF SHED OF STADIUM,2025-05-06,2025-05-22,500000.0,Physical Inspection,197033
32728,Repair and Renovation,"WS/MP18002/2025-2026/197316-Construction of roads, link roads, pathways or any other road with or without drainage system",Andhra Pradesh,Y.S.R. Kadapa(DISTRICT COLLECTOR CUDDAPAH_IDA),C.M.RAMESH,ANAKAPALLE,Urgent repairs to Kamalapuram - Potladurthi road from KM 18-110 - 18-200 near Potladurthi Village of Yerraguntla Mandal in YSR Kadapa District,2025-05-07,2025-09-26,2480752.0,Physical Inspection,197316
33603,Normal/Others,WS/MP18009/2025-2026/198841-Construction of community centers and community halls,Andhra Pradesh,Ananthapuramu(DISTRICT COLLECTOR ANANTAPUR_IDA),B K PARTHASARATHI,HINDUPUR,"Construction of a community hall at the district police office premises, Ananthapuram",2025-05-12,2025-06-13,1500000.0,Vendor Identification,198841
34080,Normal/Others,WS/MP18024/2025-2026/199639-Construction of community centers and community halls,Assam,TINSUKIA(DC Tinsukia),GAURAV GOGOI,JORHAT,"Construction of a Museum at 2 No. Tupsinga Gaon, Sadiya, Tinsukia District, Assam.",2025-05-14,2025-08-02,999998.0,Physical Inspection,199639
34577,Repair and Renovation,WS/MP18165/2025-2026/200344-Crematoriums/energy efficient crematoriums or structures on burial/cremation ground,Rajasthan,Jaipur Gramin(DISTRICT COLLECTOR Jaipur Gramin_IDA),MANJU SHARMA,JAIPUR,,2025-05-16,2025-08-04,1000000.0,Vendor Identification,200344
36670,Normal/Others,WS/MP18158/2025-2026/204090-Construction of public libraries and reading rooms,Punjab,MOGA(Deputy Commissioner Moga),DR DHARAMVIRA GANDHI,PATIALA,Construction of Public Library in Dharamshala in village Baude,2025-05-27,2025-09-10,500000.0,Vendor Identification,204090
36911,Normal/Others,WS/MP481/2025-2026/204514-Lighting of public spaces,West Bengal,MURSHIDABAD(DISTRICT MAGISTRATE MURSHIDABAD_IDA),Khalilur Rahaman,JANGIPUR,supply delivery erection and commisioning of 9mt Mini high Mast Lighting system,2025-05-28,2026-02-16,142000.0,Work partially Completed,204514
36912,Normal/Others,WS/MP481/2025-2026/204515-Lighting of public spaces,West Bengal,MURSHIDABAD(DISTRICT MAGISTRATE MURSHIDABAD_IDA),Khalilur Rahaman,JANGIPUR,supply delivery erection and commisioning of 9mt Mini high Mast Lighting system,2025-05-28,2026-02-16,142000.0,Work partially Completed,204515
36913,Normal/Others,WS/MP481/2025-2026/204516-Lighting of public spaces,West Bengal,MURSHIDABAD(DISTRICT MAGISTRATE MURSHIDABAD_IDA),Khalilur Rahaman,JANGIPUR,supply delivery erection and commisioning of 9mt Mini high Mast Lighting system,2025-05-28,2026-02-16,142000.0,Work partially Completed,204516
36914,Normal/Others,WS/MP481/2025-2026/204517-Lighting of public spaces,West Bengal,MURSHIDABAD(DISTRICT MAGISTRATE MURSHIDABAD_IDA),Khalilur Rahaman,JANGIPUR,supply delivery erection and commisioning of 9mt Mini high Mast Lighting system,2025-05-28,2026-02-16,142000.0,Work partially Completed,204517
36915,Normal/Others,WS/MP481/2025-2026/204518-Lighting of public spaces,West Bengal,MURSHIDABAD(DISTRICT MAGISTRATE MURSHIDABAD_IDA),Khalilur Rahaman,JANGIPUR,supply delivery erection and commisioning of 9mt Mini high Mast Lighting system,2025-05-28,2026-02-16,142000.0,Work partially Completed,204518
36916,Normal/Others,WS/MP481/2025-2026/204519-Lighting of public spaces,West Bengal,MURSHIDABAD(DISTRICT MAGISTRATE MURSHIDABAD_IDA),Khalilur Rahaman,JANGIPUR,supply delivery erection and commisioning of 9mt Mini high Mast Lighting system,2025-05-28,2026-02-16,142000.0,Work partially Completed,204519
36917,Normal/Others,WS/MP481/2025-2026/204520-Lighting of public spaces,West Bengal,MURSHIDABAD(DISTRICT MAGISTRATE MURSHIDABAD_IDA),Khalilur Rahaman,JANGIPUR,supply delivery erection and commisioning of 9mt Mini high Mast Lighting system,2025-05-28,2026-02-16,142000.0,Work partially Completed,204520
36918,Normal/Others,WS/MP481/2025-2026/204521-Lighting of public spaces,West Bengal,MURSHIDABAD(DISTRICT MAGISTRATE MURSHIDABAD_IDA),Khalilur Rahaman,JANGIPUR,supply delivery erection and commisioning of 9mt Mini high Mast Lighting system,2025-05-28,2026-02-16,142000.0,Work partially Completed,204521
36919,Normal/Others,WS/MP481/2025-2026/204522-Lighting of public spaces,West Bengal,MURSHIDABAD(DISTRICT MAGISTRATE MURSHIDABAD_IDA),Khalilur Rahaman,JANGIPUR,supply delivery erection and commisioning of 9mt Mini high Mast Lighting system,2025-05-28,2026-02-16,142000.0,Work partially Completed,204522
36920,Normal/Others,WS/MP481/2025-2026/204523-Lighting of public spaces,West Bengal,MURSHIDABAD(DISTRICT MAGISTRATE MURSHIDABAD_IDA),Khalilur Rahaman,JANGIPUR,supply delivery erection and commisioning of 9mt Mini high Mast Lighting system,2025-05-28,2026-02-16,142000.0,Work partially Completed,204523
37091,Normal/Others,WS/MP18018/2025-2026/204859-Development of public parks,Andhra Pradesh,Anakapalli(DISTRICT COLLECTOR ANAKAPALLI_IDA),Appalanaidu Kalisetti,VIZIANAGARAM,"Developmental Works of Intrepretation centre at Sri Alluri Seetharamaraju Memorial Park,Krishnadevipeta,Golugonda Mandal of Anakapalli District",2025-05-29,2025-07-02,992839.0,Physical Inspection,204859
39688,Normal/Others,"WS/MP529/2025-2026/209223-Construction of roads, link roads, pathways or any other road with or without drainage system",Andhra Pradesh,Annamayya(DISTRICT COLLECTOR ANNAMAYYA_IDA),Maddila Gurumoorthy,TIRUPATI(SC),Providing internal CC Road from Rayachoti Acthamma House to Pasupuleti Venkata Subbamma house at Vadde Colony of H.Kothapalli GP of Rajampet Mandal.,2025-06-16,2025-07-09,450000.0,Physical Inspection,209223
39689,Normal/Others,"WS/MP529/2025-2026/209224-Construction of roads, link roads, pathways or any other road with or without drainage system",Andhra Pradesh,Sri Potti Sriramulu Nellore(DISTRICT COLLECTOR NELLORE_IDA),Maddila Gurumoorthy,TIRUPATI(SC),"Construction of CC Road from Leburu Ankalamma Temple to Pallipadu Road of Lebur village in Indukurpeta Mandal, SPS Nellore District.",2025-06-16,2025-08-19,499451.0,Physical Inspection,209224
39690,Normal/Others,"WS/MP529/2025-2026/209225-Construction of roads, link roads, pathways or any other road with or without drainage system",Andhra Pradesh,Nandyal(DISTRICT COLLECTOR NANDYAL_IDA),Maddila Gurumoorthy,TIRUPATI(SC),"Construction of CC Road from Bhuma Ramalinga Reddy house to Bhuma Siva Reddy house of W.Kothapalli village in Dornipadu Mandal, Nanyala District.",2025-06-16,2025-07-21,499771.0,Physical Inspection,209225
39691,Normal/Others,"WS/MP529/2025-2026/209226-Construction of roads, link roads, pathways or any other road with or without drainage system",Andhra Pradesh,Annamayya(DISTRICT COLLECTOR ANNAMAYYA_IDA),Maddila Gurumoorthy,TIRUPATI(SC),"Providing CC Road and Culvert from Bujji Basha house to KM Palli, Veeraballi GP and Mandal, Annamayya District.",2025-06-16,2025-07-09,1767296.0,Physical Inspection,209226
39955,Normal/Others,"WS/MP552/2026-2027/209996-Construction of roads, link roads, pathways or any other road with or without drainage system",Bihar,PURBI CHAMPARAN(DISTRICT PLANNING OFFICER MOTHIHARI EAST CHAMPARAN_IDA),Radha Mohan Singh,PURVI CHAMPARAN,BANJARIYA PRAKHAND KE AJGARI PANCHAYAT KE BAJRANG CHOWK EWAM GADIYA TOLA ME JARJAR JARJAR SADAK KA UCCHIKARAN EWAM NIRMAN KARYA .,2025-06-18,2026-05-22,250000.0,Sanction,209996
39956,Normal/Others,"WS/MP552/2026-2027/209997-Construction of roads, link roads, pathways or any other road with or without drainage system",Bihar,PURBI CHAMPARAN(DISTRICT PLANNING OFFICER MOTHIHARI EAST CHAMPARAN_IDA),Radha Mohan Singh,PURVI CHAMPARAN,BANJARIYA PRAKHAND KE SAHU TOLA WARD WARD NO.4 TAILIK SAHU SABHA CHHATRAWAS KE RASTE KE NALA KA JIRNODWAR EWAM TUTE HUE DHHAKAN KA NIRMAN KARYA .,2025-06-18,2026-05-22,250000.0,Sanction,209997
39957,Normal/Others,"WS/MP552/2026-2027/209998-Construction of roads, link roads, pathways or any other road with or without drainage system",Bihar,PURBI CHAMPARAN(DISTRICT PLANNING OFFICER MOTHIHARI EAST CHAMPARAN_IDA),Radha Mohan Singh,PURVI CHAMPARAN,PATAHI BLOCK KE PATAHI CHORMA MARG ME RUPNI JANE WALE PRAWESH MARG KA VIKAS EWAM SAUNDRYIKARAN KARYA.,2025-06-18,2026-05-22,250000.0,Sanction,209998
40123,Normal/Others,WS/MP478/2025-2026/210226-Installing tube-wells and borewells,Uttarakhand,AGRA(DISTRICT MAGISTRAE AGRA_IDA),Mala Rajya Laxmi Shah,TEHRI GARHWAL,Gram Panchayat Nagariya ke gram Babulkhan me Bheemsen Putra Mata Prasad ke Ghar ke pass Sarvajanik Sthan par Samarsevil Pump wa Tanki Nirman,2025-06-18,2025-09-29,250000.0,Work partially Completed,210226
40124,Normal/Others,WS/MP478/2025-2026/210227-Installing tube-wells and borewells,Uttarakhand,AGRA(DISTRICT MAGISTRAE AGRA_IDA),Mala Rajya Laxmi Shah,TEHRI GARHWAL,Gram Panchayat Mewali Kalan ke gram Nagla Behad me Sanjay singh putra Rajbeer singh ke Ghar ke pass Saravjaink Sthan par Samarsevil Pump wa Tanki Nirman,2025-06-18,2025-09-29,250000.0,Work partially Completed,210227
40125,Normal/Others,WS/MP478/2025-2026/210228-Installing tube-wells and borewells,Uttarakhand,AGRA(DISTRICT MAGISTRAE AGRA_IDA),Mala Rajya Laxmi Shah,TEHRI GARHWAL,Gram Panchayat Mewali Kalan ke gram Nagla Behad me Mata Mandir ke pass Saravjanik Sthan par Samarsevil Pump wa Tanki Nirman,2025-06-18,2025-09-29,250000.0,Work partially Completed,210228
40126,Normal/Others,WS/MP478/2025-2026/210229-Installing tube-wells and borewells,Uttarakhand,AGRA(DISTRICT MAGISTRAE AGRA_IDA),Mala Rajya Laxmi Shah,TEHRI GARHWAL,Gram Panchayat Mewali Kalan ke gram Nagla Behad me Jage ke Mandir ke pass Saravjanik Sthan par Samarsevil Pump wa Tanki Nirman,2025-06-18,2025-09-29,250000.0,Work partially Completed,210229
40127,Normal/Others,WS/MP478/2025-2026/210230-Installing tube-wells and borewells,Uttarakhand,AGRA(DISTRICT MAGISTRAE AGRA_IDA),Mala Rajya Laxmi Shah,TEHRI GARHWAL,Gram Panchayat Mewali Kalan ke gram Nagla Behad me bablu khan ke Ghar ke pass Saravjanik Sthan par Samarsevil Pump wa Tanki Nirman,2025-06-18,2025-09-29,250000.0,Work partially Completed,210230
40128,Normal/Others,WS/MP478/2025-2026/210231-Installing tube-wells and borewells,Uttarakhand,AGRA(DISTRICT MAGISTRAE AGRA_IDA),Mala Rajya Laxmi Shah,TEHRI GARHWAL,Gram Panchayat Mewali Kalan ke gram Taal Virkch me Bhanuprtap Kushwaha ke Ghar ke pass Samarsevil Pump wa Tanki Nirman,2025-06-18,2025-09-29,250000.0,Work partially Completed,210231
40129,Normal/Others,WS/MP478/2025-2026/210232-Installing tube-wells and borewells,Uttarakhand,AGRA(DISTRICT MAGISTRAE AGRA_IDA),Mala Rajya Laxmi Shah,TEHRI GARHWAL,Gram Panchayat Mewali Kalan ke gram Rawar me Mata mandir ke pass Saravjanik Sthan par Samarsevil Pump wa Tanki Nirman,2025-06-18,2025-09-29,250000.0,Work partially Completed,210232
40130,Normal/Others,WS/MP478/2025-2026/210233-Installing tube-wells and borewells,Uttarakhand,AGRA(DISTRICT MAGISTRAE AGRA_IDA),Mala Rajya Laxmi Shah,TEHRI GARHWAL,Gram Panchayat Mewali Kalan ke gram Rawar me Mahesh chandar ke ghar ke pass Saravjanik Sthan par Samarsevil Pump wa Tanki Nirman,2025-06-18,2025-09-29,250000.0,Work partially Completed,210233
40286,Normal/Others,WS/MP18076/2026-2027/210473-Construction of community centers and community halls,Karnataka,MANDYA(DEPUTY COMMISSIONER MANDYA_IDA),DR C N MANJUNATH,BANGALORE RURAL,"Construction of community Hall at Bolamaranahalli Village, Anegola Grama Panchayath, Kikkeri Hobli, Krishnarajpet Taluk, Mandya District, Karnataka State.",2025-06-19,2026-07-16,490000.0,Physical Inspection,210473
40905,Normal/Others,"WS/MP18024/2025-2026/211602-Retrofitting, preservation or conservation of heritage and archaeological monuments and buildings",Assam,UDALGURI(DEPUTY COMMISSIONER Udalguri_IDA),GAURAV GOGOI,JORHAT,"Construction of Community Centre at Begapara, Barnagaon, Udalguri",2025-06-24,2025-10-27,500000.0,Vendor Identification,211602
41019,Normal/Others,WS/MP727/2025-2026/211768-Construction of community centers and community halls,Rajasthan,TONK(DISTRICT COLLECTOR TONK_IDA),Om Birla,KOTA,"Uniyara Me Mahatma Jyotiba Fule Samudayik Bhawan Nirman ka karya. Place- Uniyara, Tonk, Recommended Amount 10.00 Lakh Rs., Implementing Agency -Pwd Tonk (25 Dated 20.06.2025)",2025-06-24,2026-03-13,1000000.0,Sanction,211768
41782,Normal/Others,WS/MP18002/2025-2026/212960-Providing drains and gutters for public drainage,Andhra Pradesh,Y.S.R. Kadapa(DISTRICT COLLECTOR CUDDAPAH_IDA),C.M.RAMESH,ANAKAPALLE,"Providing of RCC Drain near apartment (RTPP Main road), in Potladurthy village of Yerraguntla Mandal.",2025-06-27,2025-10-13,998255.0,Physical Inspection,212960
41822,Normal/Others,WS/MP477/2025-2026/213046-Construction of rooms and halls in school and colleges,Uttarakhand,NAINITAL(DISTRICT MAGISTRATE NAINITAL_IDA),Ajay Tamta,ALMORA(SC),Gram Ghorakhal Block Bheemtal main Sainik School Ghorakhal main Abhibhawak swagat kaksh ka navineekarn (Karydaisastha Vikaskhand Bheemtal),2025-06-27,2026-03-24,500000.0,Sanction,213046
41922,Normal/Others,"WS/MP529/2025-2026/213217-Construction of roads, link roads, pathways or any other road with or without drainage system",Andhra Pradesh,Annamayya(DISTRICT COLLECTOR ANNAMAYYA_IDA),Maddila Gurumoorthy,TIRUPATI(SC),Providing Internal CC Road from Kuncham Srinivasulu House to Alakunta Venkata Subbamma House at Vadde Colony of H. Kothapalli GP of Rajampet Mandal.,2025-06-28,2025-07-09,450000.0,Physical Inspection,213217
41923,Normal/Others,"WS/MP529/2025-2026/213218-Construction of roads, link roads, pathways or any other road with or without drainage system",Andhra Pradesh,Annamayya(DISTRICT COLLECTOR ANNAMAYYA_IDA),Maddila Gurumoorthy,TIRUPATI(SC),Providing Internal CC Road from Obulapu Lakshmi Narasamma House to Meda Venu Gopal Reddy House at Medavaripalli of H. Kothapalli GP of Rajampet Mandal.,2025-06-28,2025-07-09,300000.0,Physical Inspection,213218
41924,Normal/Others,"WS/MP529/2025-2026/213219-Construction of roads, link roads, pathways or any other road with or without drainage system",Andhra Pradesh,Annamayya(DISTRICT COLLECTOR ANNAMAYYA_IDA),Maddila Gurumoorthy,TIRUPATI(SC),Providing Internal CC Road from Choppa Narasa Reddy House to Meda Raghava Reddy House at Medavaripalli of H. Kothapalli GP of Rajampet Mandal.,2025-06-28,2025-07-09,300000.0,Physical Inspection,213219
41925,Normal/Others,WS/MP529/2025-2026/213220-Installing community drinking water plants,Andhra Pradesh,Tirupati(DISTRICT COLLECTOR TIRUPATI_IDA),Maddila Gurumoorthy,TIRUPATI(SC),Providing water supply to SV Puram (Near Toll plaza) Ho SV Puram GP in Vadamalapeta Mandal.,2025-06-28,2025-08-18,420000.0,Physical Inspection,213220
42172,Normal/Others,WS/MP18159/2025-2026/213837-Construction of rooms and halls in school and colleges,Rajasthan,AJMER(DISTRICT COLLECTOR AJMER_IDA),BHUPENDER YADAV,ALWAR,Construction work of Geography Laboratory Hall with Veranda in Government College Pushkar District Ajmer,2025-07-01,2026-01-15,2500000.0,Sanction,213837
42209,Repair and Renovation,WS/MP18009/2025-2026/213922-Construction of community centers and community halls,Andhra Pradesh,Ananthapuramu(DISTRICT COLLECTOR ANANTAPUR_IDA),B K PARTHASARATHI,HINDUPUR,"Repairs to Community Hall (Kanakadasu Bhavan) near Indiramma colony at Sno. 169-2D, 169-2E. Garudapuram village of Kalyanadurg Mandal of Ananthapuramu district",2025-07-01,2025-09-25,2500000.0,Physical Inspection,213922
42479,Normal/Others,WS/MP18037/2026-2027/214449-Lighting of public spaces,Bihar,AURANGABAD(DISTRICT PLANNING OFFICER AURANGABAD_IDA),RAJA RAM SINGH,KARAKAT,Prakhand - Deo ke Deo Surya mandir ke nikat sarwajanik jagah per High Maast Light,2025-07-04,2026-05-25,990000.0,Physical Inspection,214449
42947,Normal/Others,WS/MP524/2025-2026/215333-Purchase of other aids / devices required for P/ M/ V/ H impaired for differently abled persons,Andhra Pradesh,Tirupati(DISTRICT COLLECTOR TIRUPATI_IDA),Midhun Reddy,RAJAMPET,"Providing Try Motorised Battery Scooter to R Sahadeva Reddy, Koolivandlapalli Village Jangamvandlapalli GP Mob 9000859785",2025-07-06,2025-11-10,90000.0,Work Completed,215333
42948,Normal/Others,WS/MP524/2025-2026/215334-Installing community drinking water plants,Andhra Pradesh,Tirupati(DISTRICT COLLECTOR TIRUPATI_IDA),Midhun Reddy,RAJAMPET,Providing RO Plant in Janga Vandla Palli Village and GP,2025-07-06,2025-11-10,500000.0,Physical Inspection,215334
42949,Normal/Others,"WS/MP524/2025-2026/215335-Construction of roads, link roads, pathways or any other road with or without drainage system",Andhra Pradesh,Y.S.R. Kadapa(DISTRICT COLLECTOR CUDDAPAH_IDA),Midhun Reddy,RAJAMPET,Formation of Road Takkalo R and B Road to Burial Grounds in Tokkolu Village and GP,2025-07-06,2025-12-24,498015.0,Physical Inspection,215335
42950,Normal/Others,"WS/MP524/2025-2026/215336-Construction of roads, link roads, pathways or any other road with or without drainage system",Andhra Pradesh,Y.S.R. Kadapa(DISTRICT COLLECTOR CUDDAPAH_IDA),Midhun Reddy,RAJAMPET,Construction of Pipe Culvert and Approach Roads in Vontimitta Village and GP,2025-07-06,2025-12-24,500000.0,Vendor Identification,215336
43644,Normal/Others,WS/MP380/2025-2026/216855-Construction of community centers and community halls,Punjab,GURDASPUR(DEPUTY COMMISSIONER GURDASPUR_IDA),Shri Amar Singh,FATEHGARH SAHIB(SC),FOR CONSTRUCTION OF DHARAMSHALA,2025-07-10,2025-12-02,800000.0,Vendor Identification,216855
43653,Normal/Others,WS/MP18372/2025-2026/216868-Construction of community centers and community halls,Rajasthan,TONK(DISTRICT COLLECTOR TONK_IDA),Rao Rajendra Singh,JAIPUR RURAL,Construction of community Building,2025-07-10,2026-03-13,1000000.0,Sanction,216868
43831,Normal/Others,WS/MP243/2025-2026/217212-Lighting of public spaces,West Bengal,MURSHIDABAD(DISTRICT MAGISTRATE MURSHIDABAD_IDA),Kakoli Ghosh Dastidar,BARASAT,"New projects such as strengthening of roadside new electrification with lighting will be carried out in Wards 21, 22, 14, and 15.",2025-07-11,2025-10-08,533024.0,Physical Inspection,217212
43832,Normal/Others,WS/MP243/2025-2026/217213-Lighting of public spaces,West Bengal,MURSHIDABAD(DISTRICT MAGISTRATE MURSHIDABAD_IDA),Kakoli Ghosh Dastidar,BARASAT,"New projects such as strengthening of roadside new electrification with lighting will be carried out in Wards 21, 22, 14, and 15.",2025-07-11,2025-10-08,532975.0,Physical Inspection,217213
43833,Normal/Others,WS/MP243/2025-2026/217214-Lighting of public spaces,West Bengal,MURSHIDABAD(DISTRICT MAGISTRATE MURSHIDABAD_IDA),Kakoli Ghosh Dastidar,BARASAT,"New projects such as strengthening of roadside new electrification with lighting will be carried out in Wards 21, 22, 14, and 15.",2025-07-11,2025-10-08,533194.0,Physical Inspection,217214
43834,Normal/Others,WS/MP243/2025-2026/217215-Lighting of public spaces,West Bengal,MURSHIDABAD(DISTRICT MAGISTRATE MURSHIDABAD_IDA),Kakoli Ghosh Dastidar,BARASAT,"New projects such as strengthening of roadside new electrification with lighting will be carried out in Wards 21, 22, 14, and 15.",2025-07-11,2025-10-08,533180.0,Physical Inspection,217215
44090,Normal/Others,WS/MP18372/2025-2026/218161-Setting up public non-conventional energy plants,Rajasthan,JAIPUR(DISTRICT COLLECTOR JAIPUR_IDA),Rao Rajendra Singh,JAIPUR RURAL,Construction of Solar Power Plant Systeam (50kw),2025-07-14,2025-12-16,1500000.0,Work partially Completed,218161
44091,Normal/Others,WS/MP18372/2025-2026/218163-Setting up public non-conventional energy plants,Rajasthan,JAIPUR(DISTRICT COLLECTOR JAIPUR_IDA),Rao Rajendra Singh,JAIPUR RURAL,Construction of Solar Power Plant System (10kw),2025-07-14,2025-12-16,400000.0,Work partially Completed,218163
44094,Normal/Others,WS/MP18372/2025-2026/218166-Setting up public non-conventional energy plants,Rajasthan,JAIPUR(DISTRICT COLLECTOR JAIPUR_IDA),Rao Rajendra Singh,JAIPUR RURAL,Construction of Solar Power Plant System (20KW),2025-07-14,2025-12-16,600000.0,Work partially Completed,218166
45476,Normal/Others,"WS/MP423/2025-2026/220932-Construction of roads, link roads, pathways or any other road with or without drainage system",Bihar,BHOJPUR(DISTRICT PLANNING OFFICER BHOJPUR ARRAH_IDA),Ramprit Mandal,JHANJHARPUR,District aara block agniaaw panchayat barun ke antargat madanpur village sthith narayanpur mukhya sadak se braham baba hote hue ganesh upadhyay ke jamin tk pcc sadak ka nirman karya,2025-07-22,2025-09-01,1198844.0,Physical Inspection,220932
45502,Normal/Others,WS/MP18116/2026-2027/220965-Construction of footpaths and pedestrian ways,Maharashtra,PALGHAR(DISTRICT COLLECTOR PALGHAR_IDA),BALYA MAMA SURESH GOPINATH MHATRE,BHIWANDI,NEW ROAD WORK AT DEVGAON VILLAGE WADA,2025-07-22,2026-04-07,1000000.0,Vendor Identification,220965
45504,Normal/Others,WS/MP18116/2026-2027/220968-Construction of footpaths and pedestrian ways,Maharashtra,PALGHAR(DISTRICT COLLECTOR PALGHAR_IDA),BALYA MAMA SURESH GOPINATH MHATRE,BHIWANDI,INTERNAL PAVER BLOCK WORK AT DUPAREPADA VIJAYPUR WADA,2025-07-22,2026-04-07,1000000.0,Vendor Identification,220968
45510,Normal/Others,WS/MP18116/2026-2027/220975-Security gates in streets/public place for safety purpose,Maharashtra,PALGHAR(DISTRICT COLLECTOR PALGHAR_IDA),BALYA MAMA SURESH GOPINATH MHATRE,BHIWANDI,INTERNAL SECURITY WALL WORK AT SHIRSAD VILLAGE WADA,2025-07-22,2026-04-07,1000000.0,Vendor Identification,220975
45867,Normal/Others,WS/MP18003/2025-2026/221576-Construction of community centers and community halls,Andhra Pradesh,Sri Sathya Sai(DISTRICT COLLECTOR SRI SATHYA SAI_IDA),AMBICA G LAKSHMINARAYANA VALMIKI,ANANTAPUR,"Constuction of Compound wall to Community hall at 19th ward, Hindupur",2025-07-23,2025-08-23,2462396.0,Physical Inspection,221576
46069,Normal/Others,WS/MP341/2025-2026/221954-Street lights,Karnataka,CHIKKAMAGALURU(DEPUTY COMMISSIONER CHIKMAGALUR),Shri LS Tejasvi Surya,BANGALORE SOUTH,"Installation of Solar Street Lights at Kurichikkanahalli Village located in Chikkamagaluru District, Karnataka",2025-07-24,2025-10-15,1000000.0,Work partially Completed,221954
46112,Normal/Others,"WS/MP431/2025-2026/222032-Construction of Government office buildings (Post office, Police station, Police chauki, etc.)",Haryana,REWARI(District Commissioner Rewari),Rao Inderjit Singh,GURGAON,"Laying IPB tiles in parking area, Court Parishar, Kosli",2025-07-25,2025-12-05,1000000.0,Vendor Identification,222032
46618,Normal/Others,WS/MP585/2025-2026/222739-Construction of boundary walls of existing public and community buildings,Gujarat,MAHESANA(DISTRICT COLLECTOR MAHESANA_IDA),Hasmukh Bhai Soma Bhai Patel,AHMEDABAD EAST,"Construction of New Compound wall at Prathmik Kanya Shala, Jagudan",2025-07-27,2025-08-26,498000.0,Vendor Identification,222739
46623,Trust and Society,WS/MP585/2026-2027/222745-Setting up public non-conventional energy plants,Gujarat,MAHESANA(DISTRICT COLLECTOR MAHESANA_IDA),Hasmukh Bhai Soma Bhai Patel,AHMEDABAD EAST,"Installation of Solar System at Sheth D.H. Highschool, Jagudan",2025-07-27,2026-07-02,498000.0,Sanction,222745
48076,Normal/Others,WS/MP18241/2025-2026/225416-Lighting of public spaces,Uttar Pradesh,SITAPUR(DISTRICT MAGISTRATE SITAPUR_IDA),RAKESH RATHOR,SITAPUR,INSTALLATION OF 4 SIX WAY 9M HIGH MASTN ON DIFFRENT PLACES IN LOKSABHA-30 SITAPUR.,2025-08-06,2025-11-26,668472.0,Work partially Completed,225416
48087,Normal/Others,"WS/MP18024/2025-2026/225441-Retrofitting, preservation or conservation of heritage and archaeological monuments and buildings",Assam,Biswanath(Deputy Commissioner Biswanath_IDA),GAURAV GOGOI,JORHAT,"Construction of Freedom Fighter Late Babu Chabilal Upadhyaya Smriti Sthal at Sri Sri Bishnu Mandir, Balipukhuri Gaon, Jarabari GP, Biswanath District.",2025-08-06,2025-10-24,1200000.0,Work partially Completed,225441
48094,Normal/Others,"WS/MP794/2025-2026/225464-Construction of roads, link roads, pathways or any other road with or without drainage system",Uttar Pradesh,PHEK(Deputy Commissioner Phek_IDA),Kirti Vardhan Singh,GONDA,"Construction of a new protective structure on the Kapamodzu approach road under Phek District, Nagaland",2025-08-06,2025-09-15,1000000.0,Physical Inspection,225464
48123,Normal/Others,WS/MP18003/2025-2026/225528-Construction of community centers and community halls,Andhra Pradesh,Sri Sathya Sai(DISTRICT COLLECTOR SRI SATHYA SAI_IDA),AMBICA G LAKSHMINARAYANA VALMIKI,ANANTAPUR,"Construction of Compound wall to Community hall at 14th ward, Hindupur",2025-08-06,2025-12-23,500000.0,Sanction,225528
48210,Normal/Others,"WS/MP18004/2025-2026/225640-Construction of roads, link roads, pathways or any other road with or without drainage system",Andhra Pradesh,"EAST GODAVARI(DISTRICT COLLECTOR, EAST GODAVARI)",Gumma Thanuja Rani,ARAKU(ST),construction of cc road from n16 road to kallepali venkataraju site of konthamuru,2025-08-07,2025-11-17,500000.0,Vendor Identification,225640
48211,Normal/Others,"WS/MP18004/2025-2026/225641-Construction of roads, link roads, pathways or any other road with or without drainage system",Andhra Pradesh,"EAST GODAVARI(DISTRICT COLLECTOR, EAST GODAVARI)",Gumma Thanuja Rani,ARAKU(ST),construction of cc road from nh16 road to kallepali venkataraju site of konthamuru,2025-08-07,2025-11-17,500000.0,Vendor Identification,225641
48312,Normal/Others,WS/MP18120/2025-2026/225800-Lighting of public spaces,Maharashtra,ETAH(DISTRICT MAGISTRATE ETAH_IDA),AASHTIKAR PATIL NAGESH BAPURAO,HINGOLI,"Village Mohammadpur BLock Marhara jila Etah , Ramkailash ke Makaan Ke saamne high Mast Light",2025-08-08,2025-11-10,240611.0,Physical Inspection,225800
48313,Normal/Others,WS/MP18120/2025-2026/225801-Lighting of public spaces,Maharashtra,ETAH(DISTRICT MAGISTRATE ETAH_IDA),AASHTIKAR PATIL NAGESH BAPURAO,HINGOLI,"Village Mohammadpur BLock Marhara jila Etah , Mini Hospital ke Saamne High Mast Light .",2025-08-08,2025-11-10,240611.0,Physical Inspection,225801
48314,Normal/Others,WS/MP18120/2025-2026/225802-Lighting of public spaces,Maharashtra,ETAH(DISTRICT MAGISTRATE ETAH_IDA),AASHTIKAR PATIL NAGESH BAPURAO,HINGOLI,"Village Mohammadpur BLock Marhara jila Etah ,Pratap singh ke Makaan ke saamne High Mast Light .",2025-08-08,2025-11-10,240611.0,Physical Inspection,225802
48315,Normal/Others,WS/MP18120/2025-2026/225803-Lighting of public spaces,Maharashtra,ETAH(DISTRICT MAGISTRATE ETAH_IDA),AASHTIKAR PATIL NAGESH BAPURAO,HINGOLI,"Village Mohammadpur BLock Marhara jila Etah , Baraat Ghar ke saamne High Mast Light .",2025-08-08,2025-11-10,240611.0,Physical Inspection,225803
48316,Normal/Others,WS/MP18120/2025-2026/225804-Lighting of public spaces,Maharashtra,ETAH(DISTRICT MAGISTRATE ETAH_IDA),AASHTIKAR PATIL NAGESH BAPURAO,HINGOLI,"Village Mohammadpur BLock Marhara jila Etah, Shamsham ke saamne High Mast Light",2025-08-08,2025-11-10,240611.0,Physical Inspection,225804
48317,Normal/Others,WS/MP18120/2025-2026/225805-Lighting of public spaces,Maharashtra,ETAH(DISTRICT MAGISTRATE ETAH_IDA),AASHTIKAR PATIL NAGESH BAPURAO,HINGOLI,"Village Mohammadpur BLock Marhara jila Etah , Kailsham kumar Ke Makkan ke Saamne",2025-08-08,2025-11-10,240611.0,Physical Inspection,225805
48318,Normal/Others,WS/MP18120/2025-2026/225806-Lighting of public spaces,Maharashtra,ETAH(DISTRICT MAGISTRATE ETAH_IDA),AASHTIKAR PATIL NAGESH BAPURAO,HINGOLI,"Village Mohammadpur BLock Marhara jila Etah ,Gulaab Singh Ke makaan ke saamne High Mast Light",2025-08-08,2025-11-10,240611.0,Physical Inspection,225806
48319,Normal/Others,WS/MP18120/2025-2026/225807-Lighting of public spaces,Maharashtra,ETAH(DISTRICT MAGISTRATE ETAH_IDA),AASHTIKAR PATIL NAGESH BAPURAO,HINGOLI,"Village Mohammadpur BLock Marhara jila Etah , Holy Pani Tanki Ke saamne high Mast Light",2025-08-08,2025-11-10,240611.0,Physical Inspection,225807
48320,Normal/Others,WS/MP18120/2025-2026/225808-Lighting of public spaces,Maharashtra,ETAH(DISTRICT MAGISTRATE ETAH_IDA),AASHTIKAR PATIL NAGESH BAPURAO,HINGOLI,Village Mohammadpur BLock Marhara jila Etah Brajesh Kumar Ke ghar Ke saamne High Mast Light,2025-08-08,2025-11-10,240611.0,Physical Inspection,225808
48321,Normal/Others,WS/MP18120/2025-2026/225809-Lighting of public spaces,Maharashtra,ETAH(DISTRICT MAGISTRATE ETAH_IDA),AASHTIKAR PATIL NAGESH BAPURAO,HINGOLI,Village Mohammadpur BLock Marhara jila Etah OmPrakash Ke Makaan Ke saamne High Mast Light,2025-08-08,2025-11-10,240611.0,Physical Inspection,225809
48322,Normal/Others,WS/MP18120/2025-2026/225810-Lighting of public spaces,Maharashtra,ETAH(DISTRICT MAGISTRATE ETAH_IDA),AASHTIKAR PATIL NAGESH BAPURAO,HINGOLI,Village Mohammadpur BLock Marhara jila Etah Chhotey lal Ke Makaan ke Saamne High Mast Light,2025-08-08,2025-11-10,240611.0,Physical Inspection,225810
48323,Normal/Others,WS/MP18120/2025-2026/225811-Lighting of public spaces,Maharashtra,ETAH(DISTRICT MAGISTRATE ETAH_IDA),AASHTIKAR PATIL NAGESH BAPURAO,HINGOLI,Village Mohammadpur BLock Marhara jila Etah Suresh Chand Ke Makaan ke saamne High mast Light,2025-08-08,2025-11-10,240611.0,Physical Inspection,225811
48324,Normal/Others,WS/MP18120/2025-2026/225812-Lighting of public spaces,Maharashtra,ETAH(DISTRICT MAGISTRATE ETAH_IDA),AASHTIKAR PATIL NAGESH BAPURAO,HINGOLI,Village Mohammadpur BLock Marhara jila Etah Devesh Ke Makaan ke Saamne High Mast Light,2025-08-08,2025-11-10,240611.0,Physical Inspection,225812
48397,Normal/Others,WS/MP18193/2026-2027/225945-Construction of buildings for sports facilities,Telangana,HYDERABAD(DISTRICT COLLECTOR HYDERABAD_IDA),EATALA RAJENDER,MALKAJGIRI,"Amenities of building for Sports facilities at Olympic Association Bhavan, LB Stadium, Basheerbagh, 78-Gunfoundry Division (GHMC), Hyderabad Dist.",2025-08-08,2026-07-15,1500000.0,Vendor Identification,225945
48470,Normal/Others,"WS/MP313/2025-2026/226023-Construction of flood control embankments/ protection walls along riverbanks, hilltops, roadsides",Arunachal Pradesh,LOWER SIANG(Deputy Commisioner Lower Siang_IDA),Shri Tapir Gao,ARUNACHAL EAST,Flood control work at Siju stream Soi-Koro at Kakki Village in Lower Siang District,2025-08-09,2025-10-24,1000000.0,Physical Inspection,226023
48471,Normal/Others,"WS/MP313/2025-2026/226024-Construction of roads, link roads, pathways or any other road with or without drainage system",Arunachal Pradesh,LOWER SIANG(Deputy Commisioner Lower Siang_IDA),Shri Tapir Gao,ARUNACHAL EAST,Construction of CC Step at Mane Village in Lower Siang District,2025-08-09,2025-10-24,500000.0,Physical Inspection,226024
48669,Normal/Others,WS/MP18107/2025-2026/226320-Construction of community centers and community halls,Madhya Pradesh,INDORE(DISTRICT COLLECTOR INDORE_IDA),ANITA NAGARSINGH CHOUHAN,RATLAM(ST),samudaik bhavan nirman karya vidur nagar ahirkhedi hawabangla ke piche indore sanstha jay onkar bhilala samaj prajapat nagar ward no 79 indore ko rashi 10 lakh sansad se swikariti pradai ki gai,2025-08-11,2025-11-19,1000000.0,Vendor Identification,226320
49645,Normal/Others,WS/MP574/2026-2027/228208-Construction of public toilets and bathrooms,Gujarat,Ahmedabad(DISTRICT COLLECTOR AHMADABAD_IDA),Bharatsinhji Shankarji Dabhi,PATAN,mandal thi kadavasan javana rate toilet block work,2025-08-21,2026-04-04,400000.0,Sanction,228208
49646,Normal/Others,"WS/MP574/2025-2026/228209-Construction of flood control embankments/ protection walls along riverbanks, hilltops, roadsides",Gujarat,Ahmedabad(DISTRICT COLLECTOR AHMADABAD_IDA),Bharatsinhji Shankarji Dabhi,PATAN,mandal thi kadavasan javana raste khutati flood protection wall,2025-08-21,2026-03-23,400000.0,Sanction,228209
50067,Normal/Others,WS/MP329/2025-2026/228869-Providing drains and gutters for public drainage,Haryana,VARANASI(DISTRICT MAGISTRAE VARANASI_IDA),Shri Dharambir Singh,BHIWANI MAHENDRAGARH,Construction of under ground Nali from A.K. Shreewastav house to Ashok Singh house at Sultanpur,2025-08-25,2025-08-28,729948.0,Physical Inspection,228869
50470,Normal/Others,"WS/MP18351/2026-2027/229680-Construction of roads, link roads, pathways or any other road with or without drainage system",Andhra Pradesh,KURNOOL(DISTRICT COLLECTOR KURNOOL_IDA),DR BYREDDY SHABARI,NANDYAL,"The proposed work involves the laying of Cement Concrete (CC) road in Parthasarathi Nagar,Ward No. 21 under Kurnool Municipal Corporation limits. The road construction will be carried out From Electric Pole No PSN-I-4-1 to Door No 87-324-1-A andFrom IMA Bhavan to Door No. 86-324-19",2025-08-28,2026-09-09,1500000.0,Sanction,229680
50699,Normal/Others,WS/MP18167/2026-2027/230349-Construction of common work sheds/ common covered sitting area,Rajasthan,KAITHAL(DC CUM NODAL OFFICERS MPLADS),BRIJENDRA SINGH OLA,JHUNJHUNU,"Construction of Public Shed Near General Chaupal,Dillonwali,",2025-08-30,2026-06-18,800000.0,Sanction,230349
50700,Normal/Others,WS/MP18167/2026-2027/230351-Construction of New Building,Rajasthan,KAITHAL(DC CUM NODAL OFFICERS MPLADS),BRIJENDRA SINGH OLA,JHUNJHUNU,"Construction of Thermocol Shed for Stamp Vendors General Public and Typist Near District Court, District Court, Dist. Kaithal",2025-08-30,2026-09-09,800000.0,Sanction,230351
50923,Normal/Others,WS/MP723/2025-2026/230768-Crematoriums/energy efficient crematoriums or structures on burial/cremation ground,Rajasthan,JODHPUR(DISTRICT COLLECTOR JODHPUR IDA),Gajendra Singh Shekhawat,JODHPUR,"Development work in cremation ground in village Jhipasni (Jodhpur Development Authority, Jodhpur periphery). Working Agency Jodhpur development Authority jodhpur",2025-09-01,2025-10-10,2375000.0,Vendor Identification,230768
50998,Normal/Others,WS/MP18314/2025-2026/230891-Purchase of mobile water tankers,Punjab,AMRITSAR(DEPUTY COMMISSIONER AMRITSAR_IDA),GURMEET SINGH MEET HAYER,SANGRUR,Water tanker fogging machines and gensets for flood affected Village to 100 in District Amritsar,2025-09-02,2025-09-18,214500.0,Physical Inspection,230891
50999,Normal/Others,WS/MP18314/2025-2026/230892-Purchase of mobile water tankers,Punjab,AMRITSAR(DEPUTY COMMISSIONER AMRITSAR_IDA),GURMEET SINGH MEET HAYER,SANGRUR,Water tanker fogging machines and gensets for flood affected Village to 100 in District Amritsar,2025-09-02,2025-09-18,214500.0,Physical Inspection,230892
51000,Normal/Others,WS/MP18314/2025-2026/230893-Purchase of mobile water tankers,Punjab,AMRITSAR(DEPUTY COMMISSIONER AMRITSAR_IDA),GURMEET SINGH MEET HAYER,SANGRUR,Water tanker fogging machines and gensets for flood affected Village to 100 in District Amritsar,2025-09-02,2025-09-18,214500.0,Physical Inspection,230893
51001,Normal/Others,WS/MP18314/2025-2026/230894-Purchase of mobile water tankers,Punjab,AMRITSAR(DEPUTY COMMISSIONER AMRITSAR_IDA),GURMEET SINGH MEET HAYER,SANGRUR,Water tanker fogging machines and gensets for flood affected Village to 100 in District Amritsar,2025-09-02,2025-09-18,214500.0,Physical Inspection,230894
51002,Normal/Others,WS/MP18314/2025-2026/230895-Purchase of mobile water tankers,Punjab,AMRITSAR(DEPUTY COMMISSIONER AMRITSAR_IDA),GURMEET SINGH MEET HAYER,SANGRUR,Water tanker fogging machines and gensets for flood affected Village to 100 in District Amritsar,2025-09-02,2025-09-18,214500.0,Physical Inspection,230895
51003,Normal/Others,WS/MP18314/2025-2026/230896-Purchase of mobile water tankers,Punjab,AMRITSAR(DEPUTY COMMISSIONER AMRITSAR_IDA),GURMEET SINGH MEET HAYER,SANGRUR,Water tanker fogging machines and gensets for flood affected Village to 100 in District Amritsar,2025-09-02,2025-09-18,214500.0,Physical Inspection,230896
51004,Normal/Others,WS/MP18314/2025-2026/230897-Purchase of mobile water tankers,Punjab,AMRITSAR(DEPUTY COMMISSIONER AMRITSAR_IDA),GURMEET SINGH MEET HAYER,SANGRUR,Water tanker fogging machines and gensets for flood affected Village to 100 in District Amritsar,2025-09-02,2025-09-18,214500.0,Physical Inspection,230897
51005,Normal/Others,WS/MP18314/2025-2026/230898-Purchase of mobile water tankers,Punjab,AMRITSAR(DEPUTY COMMISSIONER AMRITSAR_IDA),GURMEET SINGH MEET HAYER,SANGRUR,Water tanker fogging machines and gensets for flood affected Village to 100 in District Amritsar,2025-09-02,2025-09-18,214500.0,Physical Inspection,230898
51006,Normal/Others,WS/MP18314/2025-2026/230899-Purchase of mobile water tankers,Punjab,AMRITSAR(DEPUTY COMMISSIONER AMRITSAR_IDA),GURMEET SINGH MEET HAYER,SANGRUR,Water tanker fogging machines and gensets for flood affected Village to 100 in District Amritsar,2025-09-02,2025-09-18,214500.0,Physical Inspection,230899
51007,Normal/Others,WS/MP18314/2025-2026/230900-Purchase of mobile water tankers,Punjab,AMRITSAR(DEPUTY COMMISSIONER AMRITSAR_IDA),GURMEET SINGH MEET HAYER,SANGRUR,Water tanker fogging machines and gensets for flood affected Village to 100 in District Amritsar,2025-09-02,2025-09-18,214500.0,Physical Inspection,230900
51269,Normal/Others,WS/MP18164/2025-2026/231358-Construction of community centers and community halls,Rajasthan,KAITHAL(DC CUM NODAL OFFICERS MPLADS),KULDEEP INDORA,GANGANAGAR(SC),construction of general community hall,2025-09-04,2026-01-14,1800000.0,Sanction,231358
51270,Normal/Others,WS/MP18164/2026-2027/231359-Construction of common work sheds/ common covered sitting area,Rajasthan,KAITHAL(DC CUM NODAL OFFICERS MPLADS),KULDEEP INDORA,GANGANAGAR(SC),construction of gate,2025-09-04,2026-06-18,600000.0,Sanction,231359
51629,Normal/Others,"WS/MP18371/2025-2026/231977-Purchase of ambulances (Four, three and two wheelers)",Manipur,KAKCHING(Deputy Commissioner Kakching_ida),ANGOMCHA BIMOL AKOIJAM,INNER MANIPUR,Purchase of ambulances,2025-09-07,2025-12-23,800989.0,Physical Inspection,231977
51751,Normal/Others,WS/MP18105/2025-2026/232218-Construction of boundary walls of existing public and community buildings,Madhya Pradesh,SEONI(District Collector Seoni_IDA),ASHISH DUBEY,JABALPUR,Construction of boundary walls of existing public and community building in Tilak ward.,2025-09-08,2025-10-23,999999.0,Physical Inspection,232218
51752,Normal/Others,WS/MP18105/2025-2026/232219-Development of playfields and sports grounds,Madhya Pradesh,SEONI(District Collector Seoni_IDA),ASHISH DUBEY,JABALPUR,Development of playfields and sports ground in Tilak ward.,2025-09-08,2025-10-23,500000.0,Work partially Completed,232219
51753,Normal/Others,WS/MP18105/2025-2026/232220-Providing drains and gutters for public drainage,Madhya Pradesh,SEONI(District Collector Seoni_IDA),ASHISH DUBEY,JABALPUR,Providing drains and gutters for public drainage in Hanuman ward.,2025-09-08,2025-10-23,999986.0,Physical Inspection,232220
53031,Normal/Others,"WS/MP18161/2025-2026/234467-Construction of roads, link roads, pathways or any other road with or without drainage system",Rajasthan,KAITHAL(DC CUM NODAL OFFICERS MPLADS),SANJNA JATAV,BHARATPUR(SC),Construction of Interlocking Block Street from General Chaupal to Balmiki Chaupal,2025-09-16,2026-01-14,555000.0,Sanction,234467
53032,Normal/Others,WS/MP18161/2025-2026/234473-Crematoriums/energy efficient crematoriums or structures on burial/cremation ground,Rajasthan,KAITHAL(DC CUM NODAL OFFICERS MPLADS),SANJNA JATAV,BHARATPUR(SC),Construction of RCC Cremation Shed,2025-09-16,2026-01-14,250000.0,Work partially Completed,234473
53033,Normal/Others,WS/MP18161/2025-2026/234475-Construction of community centers and community halls,Rajasthan,KAITHAL(DC CUM NODAL OFFICERS MPLADS),SANJNA JATAV,BHARATPUR(SC),Construction of Community Hall (20 X 10) from Khasra No - 199 to Dubbal Road onwards,2025-09-16,2026-01-14,400000.0,Sanction,234475
53233,Normal/Others,WS/MP18157/2025-2026/234835-Construction of public irrigation facilities,Punjab,FAZILKA(DEPUTY COMMISSIONER FAZILKA_IDA),AMRINDER SINGH RAJA WARRING,LUDHIANA,"PVC pipes and other material for flood protection work in water-logged area of Vill. Khuia Sarwar, Distt. Fazilka",2025-09-17,2025-09-25,249623.0,Physical Inspection,234835
53253,Normal/Others,"WS/MP18157/2025-2026/234865-Construction of roads, link roads, pathways or any other road with or without drainage system",Punjab,SRI MUKTSAR SAHIB(DEPUTY COMMISSIONER SRI MUKTSAR SAHIB_IDA),AMRINDER SINGH RAJA WARRING,LUDHIANA,"Construction of Street by laying Interlock tiles from Buttar Dharamshala to Nankana Pond, Vill. Chhattiana, Distt. Sri Muktsar Sahib",2025-09-17,2025-10-21,300000.0,Vendor Identification,234865
53254,Normal/Others,WS/MP18157/2025-2026/234866-Providing supply pipelines for drinking water,Punjab,SRI MUKTSAR SAHIB(DEPUTY COMMISSIONER SRI MUKTSAR SAHIB_IDA),AMRINDER SINGH RAJA WARRING,LUDHIANA,"Construction of water pipeline for lift pump From Harphul-Kulbir field to Harmeet Singh-Joginder field, Vill. Husnar, Distt. Sri Muktsar Sahib",2025-09-17,2025-10-21,924000.0,Vendor Identification,234866
53255,Normal/Others,"WS/MP18157/2025-2026/234867-Construction of roads, link roads, pathways or any other road with or without drainage system",Punjab,SRI MUKTSAR SAHIB(DEPUTY COMMISSIONER SRI MUKTSAR SAHIB_IDA),AMRINDER SINGH RAJA WARRING,LUDHIANA,"Construction of Street by laying Interlock tiles From Dhulkot Mallan Chowk to Dhani Tarlochan Singh in Vill Mallan, Distt. Sri Muktsar Sahib",2025-09-17,2025-10-21,550000.0,Vendor Identification,234867
53267,Repair and Renovation,WS/MP18157/2025-2026/234883-Construction of common work sheds/ common covered sitting area,Punjab,SRI MUKTSAR SAHIB(DEPUTY COMMISSIONER SRI MUKTSAR SAHIB_IDA),AMRINDER SINGH RAJA WARRING,LUDHIANA,"Repair of Cremation Ground Ward no. 09, Gidderbaha, Distt. Sri Muktsar Sahib",2025-09-17,2025-11-04,200000.0,Vendor Identification,234883
53355,Repair and Renovation,WS/MP380/2025-2026/235033-Construction of community centers and community halls,Punjab,LUDHIANA(DEPUTY COMMISSIONER LUDHIANA_IDA),Shri Amar Singh,FATEHGARH SAHIB(SC),FOR REPAIR AND RENOVATION OF SC DHRAMSHALA,2025-09-18,2025-11-11,1200000.0,Vendor Identification,235033
53837,Normal/Others,"WS/MP623/2026-2027/235749-Construction of roads, link roads, pathways or any other road with or without drainage system",Karnataka,BELAGAVI(DEPUTY COMMISSIONER BELGAUM_IDA),Ramesh Chandappa Jigajinagi,BIJAPUR(SC),Implementation of Road work at holi hosur Gram Panchayat Near library,2025-09-20,2026-08-20,250000.0,Physical Inspection,235749
54343,Normal/Others,"WS/MP18157/2026-2027/236495-Construction of flood control embankments/ protection walls along riverbanks, hilltops, roadsides",Punjab,FEROZEPUR(DEPUTY COMMISSIONER FIROZEPUR_IDA),AMRINDER SINGH RAJA WARRING,LUDHIANA,"50 tons of annealed wire for strengthening the embankments of the Satluj river for flood prevention in Vill. Ruknewala Kalan, tehsil zira, block makhu, Distt. Ferozepur",2025-09-22,2026-06-17,300000.0,Sanction,236495
54423,Trust and Society,WS/MP18102/2025-2026/236608-Construction of additional rooms and halls in the existing public and community building,Madhya Pradesh,INDORE(DISTRICT COLLECTOR INDORE_IDA),SAVITRI THAKUR,DHAR(ST),"SAMUDAIK BHAVAN ATIRIKT KAKSH NIRMAN,VIDUR NAGAR AHIR KHEDI INDORE",2025-09-22,2026-01-28,1000000.0,Sanction,236608
55966,Normal/Others,WS/MP18158/2025-2026/240260-Purchase of mobile water tankers,Punjab,SANGRUR(DEPUTY COMMISSIONER SANGRUR_IDA),DR DHARAMVIRA GANDHI,PATIALA,Purchase of mobile water tanker of capacity 3000 litres for village Shahpur Nauabad Alias Theri Block antana at moonak,2025-10-06,2025-11-14,159300.0,Physical Inspection,240260
56260,Normal/Others,"WS/MP18090/2026-2027/240745-Construction of roads, link roads, pathways or any other road with or without drainage system",Karnataka,TUMAKURU(DEPUTY COMMISSIONER TUMKUR_IDA),H.D. KUMARASWAMY,MANDYA,Construction of CC road and Drainage from Sri lakkaiahs house to Sri Krishnegowda House,2025-10-08,2026-06-20,1000000.0,Work partially Completed,240745
56261,Normal/Others,"WS/MP18090/2026-2027/240748-Construction of roads, link roads, pathways or any other road with or without drainage system",Karnataka,TUMAKURU(DEPUTY COMMISSIONER TUMKUR_IDA),H.D. KUMARASWAMY,MANDYA,CC Road Development work from Maragondanaguni Main Road to Srirangaiah house,2025-10-08,2026-09-10,500000.0,Sanction,240748
56263,Normal/Others,"WS/MP18090/2026-2027/240767-Construction of roads, link roads, pathways or any other road with or without drainage system",Karnataka,TUMAKURU(DEPUTY COMMISSIONER TUMKUR_IDA),H.D. KUMARASWAMY,MANDYA,CC Road construction form Borewell near Sri Narasimahaswamy Temple to water sustain Connection road,2025-10-08,2026-06-20,1000000.0,Work partially Completed,240767
56644,Normal/Others,"WS/MP18371/2025-2026/241506-Purchase of ambulances (Four, three and two wheelers)",Manipur,SENAPATI(Deputy Commissioner Senapati_IDA),ANGOMCHA BIMOL AKOIJAM,INNER MANIPUR,Ambulance to be used in Calamity and Natural Disaster,2025-10-10,2026-02-18,749970.0,Vendor Identification,241506
56920,Normal/Others,WS/MP524/2025-2026/241948-Construction of boundary walls of existing public and community buildings,Andhra Pradesh,Tirupati(DISTRICT COLLECTOR TIRUPATI_IDA),Midhun Reddy,RAJAMPET,"Construction of Compound wall to Yogoda Satsanga Society of India Dhyana Kendram, Nalanda Nagar, Thummalagunta G.P",2025-10-14,2025-11-14,500000.0,Work Completed,241948
57560,Normal/Others,WS/MP18001/2025-2026/243014-Improvement of electricity distribution infrastructure,Andhra Pradesh,Kakinada(DISTRICT COLLECTOR KAKINADA_IDA),GM Harish Balayogi,AMALAPURAM(SC),PROVIDING ELECTRICAL POLES AND POWER CONNECTION TO REGI BHADAVA HABITATION IN KUYYERU VILLAGE OF KAJULURU MANDAL,2025-10-19,2025-11-25,123000.0,Physical Inspection,243014
57596,Normal/Others,WS/MP528/2025-2026/243084-Construction of community centers and community halls,Andhra Pradesh,Sri Sathya Sai(DISTRICT COLLECTOR SRI SATHYA SAI_IDA),Lavu Sri Krishna Devarayalu,NARASARAOPET,Construction of Community Hall in Kanaganapalle Village and Mandal,2025-10-20,2025-11-14,2500000.0,Sanction,243084
58006,Normal/Others,WS/MP18070/2026-2027/243925-Installing community drinking water plants,Jammu And Kashmir,GANDERBAL(Deputy Commissioner Ganderbal_IDA),MIAN ALTAF AHMAD,ANANTNAG,Construction of Chountwar Lift Irrigation Scheme,2025-10-25,2026-08-21,5000000.0,Time Estimation,243925
58448,Normal/Others,"WS/MP578/2025-2026/244897-Construction of roads, link roads, pathways or any other road with or without drainage system",Gujarat,NARMADA(DISTRICT COLLECTOR NARMADA_IDA),Mansukhbhai Dhanjibhai Vasava,BHARUCH,Fulwadi game Narmada nadina ovara taraf jata sanrakshan divalni bajunama R C C Road banavavani kamgiri,2025-10-30,2026-02-25,500000.0,Sanction,244897
58540,Normal/Others,WS/MP524/2025-2026/245210-Providing drains and gutters for public drainage,Andhra Pradesh,Tirupati(DISTRICT COLLECTOR TIRUPATI_IDA),Midhun Reddy,RAJAMPET,"Construction of CC Drain from Ayyappa Shop to Koneru, KVB Puram GP",2025-10-31,2025-12-15,498000.0,Physical Inspection,245210
58558,Normal/Others,WS/MP524/2025-2026/245240-Construction of additional rooms and halls in the existing public and community building,Andhra Pradesh,"EAST GODAVARI(DISTRICT COLLECTOR, EAST GODAVARI)",Midhun Reddy,RAJAMPET,"Development Works to Existing Community Building Near Ayyappa Swamy Temple, Tyagaraj Nagar, Gowtham Ghat, Rajamundry Municipality",2025-10-31,2026-03-13,2000000.0,Sanction,245240
59709,Normal/Others,WS/MP384/2026-2027/247474-Improvement of electricity distribution infrastructure,Rajasthan,JAIPUR(DISTRICT COLLECTOR JAIPUR_IDA),Shri Arjun Ram Meghwal,BIKANER(SC),"Installation of Rooftop solar Power plant at Dr. Ambedkar Memorial Welfare Society, Jhalana Doongri Jaipur, Rajasthan. Working Agency- Electrical XEN-II PWD, Jaipur",2025-11-11,2026-08-12,1500000.0,Work partially Completed,247474
60018,Normal/Others,WS/MP18241/2026-2027/248443-Lighting of public spaces,Uttar Pradesh,SITAPUR(DISTRICT MAGISTRATE SITAPUR_IDA),RAKESH RATHOR,SITAPUR,Installation of 9meter six way high mast in mishrikh.,2025-11-15,2026-04-04,167118.0,Work partially Completed,248443
60131,Normal/Others,"WS/MP18191/2026-2027/248685-Construction of roads, link roads, pathways or any other road with or without drainage system",Telangana,JOGULAMBA GADWAL(DISTRICT COLLECTOR JOGULAMBA GADWAL_IDA),ARUNA. D. K,MAHABUBNAGAR,Formation of road from Elkur to Pudur upto Mandal limits of Elkur (V) of Maldakal (M),2025-11-17,2026-05-13,500000.0,Work Completed,248685
60132,Normal/Others,"WS/MP18191/2026-2027/248686-Construction of roads, link roads, pathways or any other road with or without drainage system",Telangana,JOGULAMBA GADWAL(DISTRICT COLLECTOR JOGULAMBA GADWAL_IDA),ARUNA. D. K,MAHABUBNAGAR,Formation of road from Pudur to Elkur upto Mandal limits of Pudur (V) of Gadwal (M),2025-11-17,2026-05-13,500000.0,Work Completed,248686
60740,Normal/Others,WS/MP18152/2025-2026/250247-Crematoriums/energy efficient crematoriums or structures on burial/cremation ground,Punjab,FEROZEPUR(DEPUTY COMMISSIONER FIROZEPUR_IDA),SARABJEET SINGH KHALSA,FARIDKOT(SC),Construction of Shed and Burner in Sc Creamation ground at Boria sikh commuinty,2025-11-24,2025-11-28,250000.0,Physical Inspection,250247
61034,Trust and Society,WS/MP18154/2025-2026/250967-Setting up of laboratories,Punjab,LUDHIANA(DEPUTY COMMISSIONER LUDHIANA_IDA),SUKHJINDER SINGH RANDHAWA,GURDASPUR,Computer Eqipment in college,2025-11-27,2026-03-13,250000.0,Physical Inspection,250967
61225,Normal/Others,"WS/MP18091/2025-2026/251327-Construction of roads, link roads, pathways or any other road with or without drainage system",Karnataka,MYSURU(DEPUTY COMMISSIONER MYSORE_IDA),YADUVEER KRISHNADATTA CHAMARAJA WADIYAR,MYSORE,construction of road from villagers agriculture field to saligrama aralikatte,2025-11-29,2026-01-27,500000.0,Work partially Completed,251327
61374,Normal/Others,WS/MP18157/2025-2026/251538-Installation of multi-gym equipment,Punjab,SRI MUKTSAR SAHIB(DEPUTY COMMISSIONER SRI MUKTSAR SAHIB_IDA),AMRINDER SINGH RAJA WARRING,LUDHIANA,"Provisioning of Indoor Gym Machines in Vill. Khokhar, Sri Muktsar Sahib",2025-12-01,2026-01-27,300000.0,Work Completed,251538
61676,Normal/Others,WS/MP18007/2025-2026/251997-Construction of additional rooms and halls in the existing public and community building,Andhra Pradesh,Kakinada(DISTRICT COLLECTOR KAKINADA_IDA),Putta Mahesh Kumar,ELURU,Construction of additional rooms and halls in the existing public building Veterinary Hospital building,2025-12-03,2025-12-19,1000000.0,Sanction,251997
61690,Normal/Others,"WS/MP579/2026-2027/252016-Construction of roads, link roads, pathways or any other road with or without drainage system",Gujarat,KHEDA(DISTRICT COLLECTOR KHEDA_IDA),Mitesh Rameshbhai Bakabhai Patel,ANAND,Jesangbhai Babubhai na Ghar thi (Jetpura Vistar) Paka Damar Road Sudhi C.C. road nu Kam,2025-12-03,2026-07-31,100000.0,Sanction,252016
61691,Normal/Others,"WS/MP579/2026-2027/252017-Construction of roads, link roads, pathways or any other road with or without drainage system",Gujarat,KHEDA(DISTRICT COLLECTOR KHEDA_IDA),Mitesh Rameshbhai Bakabhai Patel,ANAND,Vinubhai Shankarbhai Na Ghar thi (Chikapura Vistar ) Navgam Road sudhi C.C. Road nu Kam,2025-12-03,2026-05-13,150000.0,Sanction,252017
61692,Normal/Others,"WS/MP579/2026-2027/252018-Construction of roads, link roads, pathways or any other road with or without drainage system",Gujarat,KHEDA(DISTRICT COLLECTOR KHEDA_IDA),Mitesh Rameshbhai Bakabhai Patel,ANAND,Shambhubhai Jashbhai Patel na Ghar thi (Pani ni tanki pase) Pani ni Tanki sudhi C.C Road nu Kam,2025-12-03,2026-05-13,200000.0,Sanction,252018
61693,Normal/Others,"WS/MP579/2026-2027/252019-Construction of roads, link roads, pathways or any other road with or without drainage system",Gujarat,KHEDA(DISTRICT COLLECTOR KHEDA_IDA),Mitesh Rameshbhai Bakabhai Patel,ANAND,Mota Faliya ma Block Paving tatha C.C. Road nu Kam,2025-12-03,2026-07-31,200000.0,Sanction,252019
61694,Normal/Others,"WS/MP579/2026-2027/252020-Construction of roads, link roads, pathways or any other road with or without drainage system",Gujarat,KHEDA(DISTRICT COLLECTOR KHEDA_IDA),Mitesh Rameshbhai Bakabhai Patel,ANAND,Amarpura Vistarma Block Paving nu KAm,2025-12-03,2026-05-13,100000.0,Sanction,252020
61695,Normal/Others,"WS/MP579/2026-2027/252021-Construction of roads, link roads, pathways or any other road with or without drainage system",Gujarat,KHEDA(DISTRICT COLLECTOR KHEDA_IDA),Mitesh Rameshbhai Bakabhai Patel,ANAND,Bhattpura Vistarma (Laxmanbhai Na Ghar thi Ratilalna Ghar Taraf) Block Paving nu Kam,2025-12-03,2026-05-13,150000.0,Sanction,252021
62030,Normal/Others,WS/MP18158/2025-2026/252553-Crematoriums/energy efficient crematoriums or structures on burial/cremation ground,Punjab,MANSA(DEPUTY COMMISSIONER MANSA_IDA),DR DHARAMVIRA GANDHI,PATIALA,Construction of shed for crematorium in village Makha Chehlan Block Bhikhi District Mansa,2025-12-06,2026-01-15,200000.0,Sanction,252553
62741,Normal/Others,WS/MP522/2026-2027/253924-Improvement of electricity distribution infrastructure,Andhra Pradesh,Parvathipuram Manyam(District Collector Parvathipuram Manyam_IDA),Kinjarapu Ram Mohan Naidu,SRIKAKULAM,"Providing Erection of 33KV Line with spun poles of 500 mtrs line in Puliputti village and GP Limits of Seethampeta mandal, Parvathipuram, Manyam District",2025-12-13,2026-04-22,1220000.0,Sanction,253924
62910,Normal/Others,WS/MP18031/2025-2026/254173-Renovation of ponds and lakes,Bihar,GAYA(DISTRICT PLANNING OFFICER GAYA_IDA),ABHAY KUMAR SINHA,AURANGABAD_BR,Construction of Ten Feet RCC Platform Mudra Ghat in Surya Mandir of Kujapi Village in Gaya Town of Belaganj Vidhansabha,2025-12-15,2026-01-15,1498879.0,Physical Inspection,254173
62911,Normal/Others,WS/MP18031/2025-2026/254176-Renovation of ponds and lakes,Bihar,GAYA(DISTRICT PLANNING OFFICER GAYA_IDA),ABHAY KUMAR SINHA,AURANGABAD_BR,"Construction of 5ft Stainless Steel boundary at Mudra Ghat at Surya Mandir, Kujapi village, Gaya city, Belagnj Assembly Constituency.",2025-12-15,2026-01-15,929000.0,Work partially Completed,254176
63189,Normal/Others,WS/MP728/2026-2027/254699-Installation of fixed garden gym equipment,Rajasthan,KAITHAL(DC CUM NODAL OFFICERS MPLADS),Rahul Kaswan,CHURU,"Installation work of Open Gym at Common Public Griund, Berwal Colony, Vill Patti Afgan, Kaithal",2025-12-18,2026-06-18,350000.0,Sanction,254699
63190,Normal/Others,WS/MP728/2025-2026/254701-Construction of common work sheds/ common covered sitting area,Rajasthan,KAITHAL(DC CUM NODAL OFFICERS MPLADS),Rahul Kaswan,CHURU,"Construction work of 30x30 Tin Shed with Interlock tiles Floor at Old Age Home, Vill Sishmor, Kaithal",2025-12-18,2026-01-14,250000.0,Sanction,254701
63191,Normal/Others,WS/MP728/2025-2026/254702-Construction of common work sheds/ common covered sitting area,Rajasthan,KAITHAL(DC CUM NODAL OFFICERS MPLADS),Rahul Kaswan,CHURU,"Construction work of Tin Shed Near Village Talab, Vill Garhi Padla, Kaithal",2025-12-18,2026-01-14,250000.0,Sanction,254702
63227,Normal/Others,"WS/MP403/2025-2026/254763-Construction of roads, link roads, pathways or any other road with or without drainage system",Andhra Pradesh,Sri Potti Sriramulu Nellore(DISTRICT COLLECTOR NELLORE_IDA),Magunta Sreenivasulu Reddy,ONGOLE,Construction of Internal C.C.Road near Gangamma Temple in Gandipalem village of Udayagiri Mandal,2025-12-18,2026-01-20,500000.0,Physical Inspection,254763
64056,Trust and Society,WS/MP18163/2026-2027/256566-Construction of additional rooms and halls in the existing public and community building,Rajasthan,JAIPUR(DISTRICT COLLECTOR JAIPUR_IDA),MURARI LAL MEENA,DAUSA(ST),Construction of Additional Rooms at Gurjar Hostie Ward No. 87 R-3 Metro Enclave B2Btpaas Tonk Road Jaipur,2026-01-01,2026-04-06,2000000.0,Work partially Completed,256566
64305,Normal/Others,"WS/MP18018/2025-2026/257005-Purchase of IT systems, including hardware and software for educational purposes",Andhra Pradesh,WEST GODAVARI(DISTRICT COLLECTOR WEST GODAVARI_IDA),Appalanaidu Kalisetti,VIZIANAGARAM,Providing of Computers for development of Labaratory towards utilisation to Data Science Students in Y.N.College(Autonomous) Narsapur of West Godavari District,2026-01-04,2026-02-27,500000.0,Sanction,257005
64595,Normal/Others,"WS/MP18351/2026-2027/257889-Construction of roads, link roads, pathways or any other road with or without drainage system",Andhra Pradesh,KURNOOL(DISTRICT COLLECTOR KURNOOL_IDA),DR BYREDDY SHABARI,NANDYAL,"Providing CC Road and Side Drainage from Ameermiah House to Kundu Vagu and Internal Streets at Uyyalawada Village, Orvakal Mandal, Kurnool District.",2026-01-07,2026-04-01,500000.0,Vendor Identification,257889
64596,Normal/Others,"WS/MP18351/2026-2027/257890-Construction of roads, link roads, pathways or any other road with or without drainage system",Andhra Pradesh,KURNOOL(DISTRICT COLLECTOR KURNOOL_IDA),DR BYREDDY SHABARI,NANDYAL,"Providing CC Road and Side Drainage from Chakali Yaganti to Gopalamma House and Adjoining Streets at Uyyalawada Village, Orvakal Mandal, Kurnool District.",2026-01-07,2026-04-01,500000.0,Vendor Identification,257890
64597,Normal/Others,"WS/MP18351/2026-2027/257892-Construction of roads, link roads, pathways or any other road with or without drainage system",Andhra Pradesh,KURNOOL(DISTRICT COLLECTOR KURNOOL_IDA),DR BYREDDY SHABARI,NANDYAL,"Construction of CC Road and Side Drainage from Thalari Sreenivasulu House to Karremma Gudi and Surrounding Streets at Uyyalawada Village, Orvakal Mandal, Kurnool District.",2026-01-07,2026-04-01,500000.0,Vendor Identification,257892
64625,Normal/Others,"WS/MP405/2026-2027/258000-Construction of roads, link roads, pathways or any other road with or without drainage system",Andhra Pradesh,GUNTUR(DISTRICT COLLECTOR GUNTUR_IDA),Balashowry Vallabbhaneni,MACHILIPATNAM,Providing CC road with one side drain from Pratti Mariyadas house to Erramsetti Srinivas site in Mutluru village of Vatticherukur Mandal in Guntur District,2026-01-08,2026-05-20,200000.0,Sanction,258000
64855,Normal/Others,WS/MP18351/2026-2027/258490-Installing community drinking water plants,Andhra Pradesh,"EAST GODAVARI(DISTRICT COLLECTOR, EAST GODAVARI)",DR BYREDDY SHABARI,NANDYAL,"Providing and installation of 500 LPH capacity Water Purification Plant with necessary accessories at S C P B Zilla Parishad High School, Melluru Village, Biccavolu Mandal.",2026-01-09,2026-08-27,300000.0,Sanction,258490
64975,Normal/Others,WS/MP18033/2026-2027/258732-Lighting of public spaces,Bihar,GAYA(DISTRICT PLANNING OFFICER GAYA_IDA),JITAN RAM MANJHI,GAYA (SC),"Installation of High mast light of 16 Meter at front of community building, Gram Panchayat-Hathiawan (under Jahanabad Lok Sabha Constituency), District Gayaji",2026-01-12,2026-05-25,650000.0,Physical Inspection,258732
66806,Normal/Others,WS/MP18155/2025-2026/262258-Construction of community centers and community halls,Punjab,RUPNAGAR(DEPUTY COMMISSIONER ROOPNAGAR_IDA),DR. RAJ KUMAR CHABBEWAL,HOSHIARPUR(SC),Construction of Rajput Bhawan,2026-01-27,2026-02-23,1500000.0,Work partially Completed,262258
68284,Normal/Others,"WS/MP431/2025-2026/265193-Construction of roads, link roads, pathways or any other road with or without drainage system",Haryana,MAHENDRAGARH(DEPUTY COMMISSIONER MAHENDRAGARH_IDA),Rao Inderjit Singh,GURGAON,Construction of road from railway underpass to children park road,2026-02-03,2026-03-03,1000000.0,Work partially Completed,265193
68286,Normal/Others,WS/MP431/2025-2026/265206-Street lights,Haryana,MAHENDRAGARH(DEPUTY COMMISSIONER MAHENDRAGARH_IDA),Rao Inderjit Singh,GURGAON,Installation of highmast lights and street lights in village Ateli,2026-02-03,2026-03-03,500000.0,Sanction,265206
68288,Normal/Others,WS/MP431/2025-2026/265214-Providing drains and gutters for public drainage,Haryana,MAHENDRAGARH(DEPUTY COMMISSIONER MAHENDRAGARH_IDA),Rao Inderjit Singh,GURGAON,Construction of nala with Jali,2026-02-03,2026-03-03,500000.0,Vendor Identification,265214
68790,Normal/Others,WS/MP18354/2026-2027/266855-Construction of additional rooms and halls in the existing public and community building,Chhattisgarh,JASHPUR(DISTRICT COLLECTOR JASHPUR_IDA),CHINTAMANI MAHARAJ,SARGUJA(ST),PATHALGAON NANDJHARIYA ME SANSKRIT SCHOOL ME ATRIKAT KAKSH NIRMAN,2026-02-07,2026-05-20,799856.0,Sanction,266855
68975,Normal/Others,WS/MP18157/2025-2026/267152-Providing drains and gutters for public drainage,Punjab,SRI MUKTSAR SAHIB(DEPUTY COMMISSIONER SRI MUKTSAR SAHIB_IDA),AMRINDER SINGH RAJA WARRING,LUDHIANA,"Provision for cleaning of pond, construction of retaining wall, and lining work in In Village Babanian, Halka Gidderbaha, District Sri Muktsar Sahib.",2026-02-09,2026-03-11,500000.0,Work partially Completed,267152
69199,Normal/Others,WS/MP524/2026-2027/267596-Installing community drinking water plants,Andhra Pradesh,Tirupati(DISTRICT COLLECTOR TIRUPATI_IDA),Midhun Reddy,RAJAMPET,"Providing RO Water Plant Near Anjeramma Kanuma Temple, SV Puram Viilage and GP",2026-02-11,2026-04-08,300000.0,Physical Inspection,267596
69200,Normal/Others,"WS/MP524/2025-2026/267597-Construction of roads, link roads, pathways or any other road with or without drainage system",Andhra Pradesh,Tirupati(DISTRICT COLLECTOR TIRUPATI_IDA),Midhun Reddy,RAJAMPET,Internal CC Road at Matherimitta HW in Matherimitta G.P,2026-02-11,2026-03-26,500000.0,Physical Inspection,267597
69345,Normal/Others,WS/MP18276/2026-2027/267890-Construction of buildings for community cultural activities,Gujarat,PANCH MAHALS(DISTRICT COLLECTOR PANCHMAHALS_IDA),JASHUBHAI BHILUBHAI RATHVA,CHHOTA UDAIPUR(ST),Cultural hall work at Devipura village- Bholeshwar Mandir Fliya,2026-02-12,2026-07-09,500000.0,Sanction,267890
69610,Normal/Others,"WS/MP716/2025-2026/268214-Construction of roads, link roads, pathways or any other road with or without drainage system",Punjab,FAZILKA(DEPUTY COMMISSIONER FAZILKA_IDA),Smt Harsimrat Kaur Badal,BHATINDA,"Suction Pipe, Motor engine, Canvas pipe",2026-02-13,2026-03-03,467000.0,Physical Inspection,268214
69611,Normal/Others,"WS/MP716/2025-2026/268215-Construction of roads, link roads, pathways or any other road with or without drainage system",Punjab,FAZILKA(DEPUTY COMMISSIONER FAZILKA_IDA),Smt Harsimrat Kaur Badal,BHATINDA,"Suction Pipe, Motor engine, Canvas pipe",2026-02-13,2026-03-03,543754.0,Physical Inspection,268215
69612,Normal/Others,"WS/MP716/2025-2026/268216-Construction of roads, link roads, pathways or any other road with or without drainage system",Punjab,FAZILKA(DEPUTY COMMISSIONER FAZILKA_IDA),Smt Harsimrat Kaur Badal,BHATINDA,"Suction Pipe, Motor engine, Canvas pipe",2026-02-13,2026-03-03,678179.0,Physical Inspection,268216
69613,Normal/Others,"WS/MP716/2025-2026/268217-Construction of roads, link roads, pathways or any other road with or without drainage system",Punjab,FAZILKA(DEPUTY COMMISSIONER FAZILKA_IDA),Smt Harsimrat Kaur Badal,BHATINDA,"Suction Pipe, Motor engine, Canvas pipe",2026-02-13,2026-03-03,543734.0,Physical Inspection,268217
69773,Normal/Others,WS/MP18033/2026-2027/268632-Lighting of public spaces,Bihar,GAYA(DISTRICT PLANNING OFFICER GAYA_IDA),JITAN RAM MANJHI,GAYA (SC),"installation high mast light in village mahkar, near the house of Shri Mishri Singh, Panchayat Hathiyana, Block-Khizersarai, Distt. Gayaji, in parliament constituency Jehanabad.",2026-02-16,2026-05-25,650000.0,Physical Inspection,268632
69775,Normal/Others,WS/MP18033/2026-2027/268639-Lighting of public spaces,Bihar,GAYA(DISTRICT PLANNING OFFICER GAYA_IDA),JITAN RAM MANJHI,GAYA (SC),"Installation of High Mast light in Village Bihta, Kodihra Ward no. 11, near the house of Shri Sharvan Kumar Manjhi son of Girja Manjhi, Block Khizersari, Distt Gayaji, Parliamentary Constituency Jehanabad.",2026-02-16,2026-05-25,650000.0,Physical Inspection,268639
70584,Normal/Others,WS/MP431/2026-2027/270562-Purchase of books and periodicals for libraries/digitization of library books,Haryana,MAHENDRAGARH(DEPUTY COMMISSIONER MAHENDRAGARH_IDA),Rao Inderjit Singh,GURGAON,"Development of an E-Library in Village Mandlana, including the purchase of books, purchase of furniture, installation of air conditioning (AC), ceiling fans and other electrical works, repair and renovation of the hall, and any other works as deemed necessary.",2026-02-24,2026-05-21,1000000.0,Sanction,270562
70766,Normal/Others,WS/MP432/2026-2027/270942-Construction of community centers and community halls,Himachal Pradesh,SHIMLA(DEPUTY COMMISSIONER SHIMLA_IDA),Anurag Singh Thakur,HAMIRPUR_HP,"Construction of Yuvak Mandal Bhawan in ward No. 6, Village Kharkag (Jhakari) GP Jhakri, Block Rampur",2026-02-25,2026-05-15,150000.0,Vendor Identification,270942
70909,Trust and Society,WS/MP585/2026-2027/271176-Construction of common work sheds/ common covered sitting area,Gujarat,MAHESANA(DISTRICT COLLECTOR MAHESANA_IDA),Hasmukh Bhai Soma Bhai Patel,AHMEDABAD EAST,"For Constructing a Shed in Sheth D.H. Highschool, Aadarsh Kedavani Mandal, Jagudan",2026-02-26,2026-06-18,498000.0,Vendor Identification,271176
70965,Normal/Others,WS/MP558/2026-2027/271368-Street lights,Bihar,MADHEPURA(DISTRICT PLANNING OFFICER MADHEPURA_IDA),Dinesh Chandra Yadav,MADHEPURA,Singheshwar Prakhand antargat Sukhasan panchayat ke Sukhasan Ward No-9 me SBI evan Post Office Branch ke bagal mey High Mast Light ka Adhisthapan.,2026-02-27,2026-07-01,850000.0,Sanction,271368
70979,Normal/Others,"WS/MP524/2025-2026/271401-Construction of roads, link roads, pathways or any other road with or without drainage system",Andhra Pradesh,Tirupati(DISTRICT COLLECTOR TIRUPATI_IDA),Midhun Reddy,RAJAMPET,Internal CC Road at Matherimitta BC Colony in Matherimitta G.P,2026-02-27,2026-03-26,500000.0,Physical Inspection,271401
71058,Normal/Others,"WS/MP524/2026-2027/271605-Construction of roads, link roads, pathways or any other road with or without drainage system",Andhra Pradesh,Y.S.R. Kadapa(DISTRICT COLLECTOR CUDDAPAH_IDA),Midhun Reddy,RAJAMPET,"Formation of Road from LP No. 142 to Seethapuram HW in Pichiguntapalli Village, Rachagudipalli GP",2026-02-28,2026-09-09,500000.0,Sanction,271605
71065,Normal/Others,WS/MP524/2026-2027/271612-Construction of boundary walls of existing public and community buildings,Andhra Pradesh,Y.S.R. Kadapa(DISTRICT COLLECTOR CUDDAPAH_IDA),Midhun Reddy,RAJAMPET,Construction of Compound wall to Burial Ground in Seethapuram Village and GP,2026-02-28,2026-09-09,500000.0,Sanction,271612
71621,Normal/Others,WS/MP18242/2026-2027/272738-Construction of water tanks,Uttar Pradesh,AGRA(DISTRICT MAGISTRAE AGRA_IDA),RAMBHUAL NISHAD,SULTANPUR,installation of submersible at bypass of fatehabad nearby at neeraj sharma residence,2026-03-06,2026-05-13,263000.0,Sanction,272738
71622,Normal/Others,WS/MP18242/2026-2027/272739-Construction of water tanks,Uttar Pradesh,AGRA(DISTRICT MAGISTRAE AGRA_IDA),RAMBHUAL NISHAD,SULTANPUR,installation of submersible at fatehabad gram panchayat kripalpura nearby at manoj residence,2026-03-06,2026-05-13,263000.0,Sanction,272739
71623,Normal/Others,WS/MP18242/2026-2027/272740-Construction of water tanks,Uttar Pradesh,AGRA(DISTRICT MAGISTRAE AGRA_IDA),RAMBHUAL NISHAD,SULTANPUR,installation of submersible at gram panchayat salempur mudiya ke hardasi ke pura nearby at hotkishore residence,2026-03-06,2026-05-13,263000.0,Sanction,272740
71624,Normal/Others,WS/MP18242/2026-2027/272741-Construction of water tanks,Uttar Pradesh,AGRA(DISTRICT MAGISTRAE AGRA_IDA),RAMBHUAL NISHAD,SULTANPUR,installation of submersible at gram panchayat swara nearby at residence of bhagirath,2026-03-06,2026-05-13,263000.0,Sanction,272741
71625,Normal/Others,WS/MP18242/2026-2027/272742-Construction of water tanks,Uttar Pradesh,AGRA(DISTRICT MAGISTRAE AGRA_IDA),RAMBHUAL NISHAD,SULTANPUR,installation of submersible at fatehabad nearby at sonu sharma shop,2026-03-06,2026-05-13,263000.0,Sanction,272742
71626,Normal/Others,WS/MP18242/2026-2027/272743-Construction of water tanks,Uttar Pradesh,AGRA(DISTRICT MAGISTRAE AGRA_IDA),RAMBHUAL NISHAD,SULTANPUR,installation of submersible nearby at gram sikandarpur kasturba gandhi school,2026-03-06,2026-05-13,263000.0,Sanction,272743
71627,Normal/Others,WS/MP18242/2026-2027/272744-Construction of water tanks,Uttar Pradesh,AGRA(DISTRICT MAGISTRAE AGRA_IDA),RAMBHUAL NISHAD,SULTANPUR,installation of submersible at gram panchayat mutwayi ke pura nearby residence of pappu kushwaha,2026-03-06,2026-05-13,263000.0,Sanction,272744
71628,Normal/Others,WS/MP18242/2026-2027/272745-Construction of water tanks,Uttar Pradesh,AGRA(DISTRICT MAGISTRAE AGRA_IDA),RAMBHUAL NISHAD,SULTANPUR,installation of submersible at gram panchayatrasulpur bah road nearby residence of pradeep chauhan,2026-03-06,2026-05-13,263000.0,Sanction,272745
71629,Normal/Others,WS/MP18242/2026-2027/272746-Construction of water tanks,Uttar Pradesh,AGRA(DISTRICT MAGISTRAE AGRA_IDA),RAMBHUAL NISHAD,SULTANPUR,installation of submersible at guranpura nearby of bholenath temple,2026-03-06,2026-05-13,263000.0,Sanction,272746
71630,Normal/Others,WS/MP18242/2026-2027/272747-Construction of water tanks,Uttar Pradesh,AGRA(DISTRICT MAGISTRAE AGRA_IDA),RAMBHUAL NISHAD,SULTANPUR,installation of submersible at nagar panchayat nearby residence of natthilal son of vinod kumar,2026-03-06,2026-05-13,263000.0,Sanction,272747
71631,Normal/Others,WS/MP18242/2026-2027/272748-Construction of water tanks,Uttar Pradesh,AGRA(DISTRICT MAGISTRAE AGRA_IDA),RAMBHUAL NISHAD,SULTANPUR,installation of submersible at gram panchayat gadhi dariyav janta inter college nearby residence of sultan singh,2026-03-06,2026-05-13,263000.0,Sanction,272748
71632,Normal/Others,WS/MP18242/2026-2027/272749-Construction of water tanks,Uttar Pradesh,AGRA(DISTRICT MAGISTRAE AGRA_IDA),RAMBHUAL NISHAD,SULTANPUR,installation of submersible at gram panchayat parouli sikarvar nearby residence of satyapal son of udal singh,2026-03-06,2026-05-13,263000.0,Sanction,272749
71633,Normal/Others,WS/MP18242/2026-2027/272750-Construction of water tanks,Uttar Pradesh,AGRA(DISTRICT MAGISTRAE AGRA_IDA),RAMBHUAL NISHAD,SULTANPUR,installation of submersible at gram panchayat dhimshri pashu hat road nearby residence of devi singh,2026-03-06,2026-05-13,263000.0,Sanction,272750
71634,Normal/Others,WS/MP18242/2026-2027/272751-Construction of water tanks,Uttar Pradesh,AGRA(DISTRICT MAGISTRAE AGRA_IDA),RAMBHUAL NISHAD,SULTANPUR,installation of submersible at gram panchayat ujhavli expressway nearby asaram plot,2026-03-06,2026-05-13,263000.0,Sanction,272751
71635,Normal/Others,WS/MP18242/2026-2027/272752-Construction of water tanks,Uttar Pradesh,AGRA(DISTRICT MAGISTRAE AGRA_IDA),RAMBHUAL NISHAD,SULTANPUR,installation of submersible at gram panchayat idhaun nearby residence of lakhan singh,2026-03-06,2026-05-13,263000.0,Sanction,272752
71636,Normal/Others,WS/MP18242/2026-2027/272753-Construction of water tanks,Uttar Pradesh,AGRA(DISTRICT MAGISTRAE AGRA_IDA),RAMBHUAL NISHAD,SULTANPUR,installation of submersible at gram panchayat tauspura shamshabad road opposite to rajasthani dhaba,2026-03-06,2026-05-13,263000.0,Sanction,272753
71637,Normal/Others,WS/MP18242/2026-2027/272754-Construction of water tanks,Uttar Pradesh,AGRA(DISTRICT MAGISTRAE AGRA_IDA),RAMBHUAL NISHAD,SULTANPUR,installation of submersible at gram panchayat hiski nearby residnec of shyamsunder,2026-03-06,2026-05-13,263000.0,Sanction,272754
71638,Normal/Others,WS/MP18242/2026-2027/272755-Construction of water tanks,Uttar Pradesh,AGRA(DISTRICT MAGISTRAE AGRA_IDA),RAMBHUAL NISHAD,SULTANPUR,installation of submersible at gram panchayat vajidkepura ashey nearby residence of ramdas,2026-03-06,2026-05-13,263000.0,Sanction,272755
71639,Normal/Others,WS/MP18242/2026-2027/272756-Construction of water tanks,Uttar Pradesh,AGRA(DISTRICT MAGISTRAE AGRA_IDA),RAMBHUAL NISHAD,SULTANPUR,installation of submersible at agra fatehabad road nearby pradhan market,2026-03-06,2026-05-13,263000.0,Sanction,272756
72062,Normal/Others,"WS/MP18004/2025-2026/273512-Construction of roads, link roads, pathways or any other road with or without drainage system",Andhra Pradesh,Sri Potti Sriramulu Nellore(DISTRICT COLLECTOR NELLORE_IDA),Gumma Thanuja Rani,ARAKU(ST),Providing CC Road from Sachivalayam to Dr Babu Rao Hospital in North Rajupalem of Kodavalur Mandal SPSR Nellore district,2026-03-10,2026-03-26,500000.0,Sanction,273512
72065,Normal/Others,"WS/MP18004/2025-2026/273516-Construction of roads, link roads, pathways or any other road with or without drainage system",Andhra Pradesh,Sri Potti Sriramulu Nellore(DISTRICT COLLECTOR NELLORE_IDA),Gumma Thanuja Rani,ARAKU(ST),Constsruction of CC Road from ST Colony in Chowkacherla GP of Vidavaluru Mandal SPSR Nellore district,2026-03-10,2026-03-26,300000.0,Sanction,273516
72171,Normal/Others,"WS/MP716/2026-2027/273833-Construction of roads, link roads, pathways or any other road with or without drainage system",Punjab,FAZILKA(DEPUTY COMMISSIONER FAZILKA_IDA),Smt Harsimrat Kaur Badal,BHATINDA,"Suction pipe, Motor engine, Canvas pipe",2026-03-12,2026-04-07,407918.0,Physical Inspection,273833
72515,Normal/Others,WS/MP18321/2026-2027/274553-Construction of common work sheds/ common covered sitting area,Gujarat,MAHESANA(DISTRICT COLLECTOR MAHESANA_IDA),SHOBHANABEN MAHENDRASINH BARAIYA,SABARKANTHA,timba game shri kesharbhavani matajina mandir pase shed nu kam,2026-03-16,2026-06-18,500000.0,Sanction,274553
72731,Normal/Others,WS/MP431/2026-2027/274937-Construction of rainwater harvesting structures,Haryana,MAHENDRAGARH(DEPUTY COMMISSIONER MAHENDRAGARH_IDA),Rao Inderjit Singh,GURGAON,Construction of a nala and pond for drainage of dirty water,2026-03-19,2026-04-23,1000000.0,Sanction,274937
72998,Normal/Others,"WS/MP18351/2026-2027/275528-Construction of roads, link roads, pathways or any other road with or without drainage system",Andhra Pradesh,KURNOOL(DISTRICT COLLECTOR KURNOOL_IDA),DR BYREDDY SHABARI,NANDYAL,"Providing Cement Concrete (CC) Road from Church to Venkateswarlu House and Other Internal Streets in Guttapadu Village, Orvakal Mandal, Kurnool District",2026-03-23,2026-05-15,500000.0,Vendor Identification,275528
72999,Normal/Others,"WS/MP18351/2026-2027/275529-Construction of roads, link roads, pathways or any other road with or without drainage system",Andhra Pradesh,KURNOOL(DISTRICT COLLECTOR KURNOOL_IDA),DR BYREDDY SHABARI,NANDYAL,"Construction of Cement Concrete (CC) Road from Venkateswarlu House to Ramasubba Reddy Site, from Madiga Yerranna House to Ramasubba Reddy Site, and Other Internal Streets in Guttapadu Village, Orvakal Mandal, Kurnool District",2026-03-23,2026-05-15,500000.0,Vendor Identification,275529
73101,Trust and Society,WS/MP815/2026-2027/275751-Construction of rooms and halls in school and colleges,Uttar Pradesh,AZAMGARH(DISTRICT MAGISTRATE AZAMGARH_IDA),Ram Shiromani,SHRAWASTI,construction of rooms and building for the convenience of students in Azad Mahavidyalaya Saraiya Palhna Azamgarh UP (D.El.Ed.B.T.C. Faculty,2026-03-24,2026-05-15,500000.0,Vendor Identification,275751
73102,Trust and Society,WS/MP815/2026-2027/275752-Construction of rooms and halls in school and colleges,Uttar Pradesh,AZAMGARH(DISTRICT MAGISTRATE AZAMGARH_IDA),Ram Shiromani,SHRAWASTI,construction of rooms and building for the convenience of students in Azad Mahavidyalaya Saraiya Palhna Azamgarh UP (D.El.Ed.B.T.C. Faculty,2026-03-24,2026-05-15,1000000.0,Vendor Identification,275752
73103,Trust and Society,WS/MP815/2026-2027/275753-Construction of rooms and halls in school and colleges,Uttar Pradesh,AZAMGARH(DISTRICT MAGISTRATE AZAMGARH_IDA),Ram Shiromani,SHRAWASTI,construction of rooms and building for the convenience of students in Azad Mahavidyalaya Saraiya Palhna Azamgarh UP (B.Ed. Faculty,2026-03-24,2026-05-15,1000000.0,Vendor Identification,275753
73104,Normal/Others,"WS/MP18351/2026-2027/275754-Construction of roads, link roads, pathways or any other road with or without drainage system",Andhra Pradesh,KURNOOL(DISTRICT COLLECTOR KURNOOL_IDA),DR BYREDDY SHABARI,NANDYAL,"Providing and Laying Cement Concrete (CC) Roads from Ramudu House to Vandanala House and Internal Streets in Byreddy Nagar, Orvakal Village, Orvakal Mandal, Kurnool District.",2026-03-24,2026-05-15,500000.0,Vendor Identification,275754
73105,Normal/Others,"WS/MP18351/2026-2027/275755-Construction of roads, link roads, pathways or any other road with or without drainage system",Andhra Pradesh,KURNOOL(DISTRICT COLLECTOR KURNOOL_IDA),DR BYREDDY SHABARI,NANDYAL,"Providing and Laying Cement Concrete (CC) Road from Bhojaraju Kallam to Kallala Boring and other Streets in Kannamadakala Village, Orvakal Mandal, Kurnool District",2026-03-24,2026-05-15,500000.0,Vendor Identification,275755
73348,Normal/Others,WS/MP18157/2026-2027/276316-Purchase of non-conventional energy system and devices for community use,Punjab,SRI MUKTSAR SAHIB(DEPUTY COMMISSIONER SRI MUKTSAR SAHIB_IDA),AMRINDER SINGH RAJA WARRING,LUDHIANA,"Provision of New Generator In Ward no. 18, Halka Gidderbaha, District Sri Muktsar Sahib.",2026-03-27,2026-06-24,500000.0,Sanction,276316
73824,Normal/Others,"WS/MP18351/2026-2027/277210-Construction of roads, link roads, pathways or any other road with or without drainage system",Andhra Pradesh,KURNOOL(DISTRICT COLLECTOR KURNOOL_IDA),DR BYREDDY SHABARI,NANDYAL,"Construction of Cement Concrete (CC) Road from Thirupal Kallam to Karnakar Reddy Field at Chinna Kottala Village, Habitation of Bastipadu, Kallur Mandal, Kurnool District.",2026-04-01,2026-05-15,500000.0,Sanction,277210
73830,Normal/Others,"WS/MP18004/2026-2027/277217-Construction of roads, link roads, pathways or any other road with or without drainage system",Andhra Pradesh,Sri Potti Sriramulu Nellore(DISTRICT COLLECTOR NELLORE_IDA),Gumma Thanuja Rani,ARAKU(ST),Construction of CC drain from Paravathuru Raghu House to Thalari Baskar House in Dhampuru GP of Vidavluru Mandal SPSR Nellore district,2026-04-01,2026-05-16,300000.0,Sanction,277217
74179,Normal/Others,WS/MP18351/2026-2027/277955-Installing tube-wells and borewells,Andhra Pradesh,KURNOOL(DISTRICT COLLECTOR KURNOOL_IDA),DR BYREDDY SHABARI,NANDYAL,"Providing and Drilling of 165 mm Dia Bore Well at Mangali Park, Ward No. 30, Kalluru Village, Kalluru Mandal",2026-04-10,2026-09-07,200000.0,Sanction,277955
74180,Normal/Others,WS/MP18351/2026-2027/277956-Installing community drinking water plants,Andhra Pradesh,KURNOOL(DISTRICT COLLECTOR KURNOOL_IDA),DR BYREDDY SHABARI,NANDYAL,"Providing Safe Drinking Water Facility through Establishment of Mineral Water (RO) Plant with Necessaryl Infrastructure at Mangali Park, Ward No. 30, Kalluru Village, Kalluru Mandal",2026-04-10,2026-09-07,500000.0,Sanction,277956
74273,Normal/Others,"WS/MP585/2026-2027/278210-Construction of roads, link roads, pathways or any other road with or without drainage system",Gujarat,VADODARA(DISTRICT COLLECTOR VADODARA_IDA),Hasmukh Bhai Soma Bhai Patel,AHMEDABAD EAST,"Construction of RCC road near farm of Rameshbhai Panchal, Choranda. (Choranda to Nishaliya Road)",2026-04-15,2026-09-01,300000.0,Sanction,278210
74344,Normal/Others,WS/MP18047/2026-2027/278320-Construction of buildings for community cultural activities,Chandigarh,Shahid Bhagat Singh Nagar(Deputy Commissioner Shahid Bhagat Singh Nagar_ida),MANISH TEWARI,CHANDIGARH,"For construction of Ravidass Dharamshala Building in Pakka Mohalla, vill. Jhingran, Block-Aur, Distt. SBS Nagar.",2026-04-16,2026-06-26,300000.0,Sanction,278320
75237,Normal/Others,WS/MP443/2026-2027/280870-Construction of community centers and community halls,Madhya Pradesh,BHOPAL(DISTRICT COLLECTOR BHOPAL_IDA),Rodmal Nagar,RAJGARH,Shree Nagar Dhakad samaj chatrawas ewam manglik bhawan nirman samiti 6-no. Stop ankur school ke pass Shivaji Nagar Bhopal,2026-05-15,2026-07-30,1000000.0,Vendor Identification,280870
75431,Normal/Others,WS/MP18031/2026-2027/281361-Renovation of ponds and lakes,Bihar,GAYA(DISTRICT PLANNING OFFICER GAYA_IDA),ABHAY KUMAR SINHA,AURANGABAD_BR,"Construction of the remaining portion of a 5 ft high stainless steel boundary at Mudra Ghat near Surya Mandir, Kujapi village, Gaya city, under Belaganj Assembly Constituency.",2026-05-17,2026-07-30,600000.0,Sanction,281361
76598,Normal/Others,"WS/MP18047/2026-2027/284782- Providing sports equipment, except consumable items",Chandigarh,JALANDHAR(DEPUTY COMMISSIONER JALANDHAR_IDA),MANISH TEWARI,CHANDIGARH,"Provisioning for purchase of table tennis table for hall at District Sports Office Complex in Hans Raj Stadium, Civil Lines, Jalandhar.",2026-05-30,2026-08-14,500000.0,Sanction,284782
77028,Normal/Others,WS/MP446/2026-2027/286961-Improvement of electricity distribution infrastructure,Madhya Pradesh,DINDORI(District Collector Dindori_IDA),Vishnu Dutt Sharma,KHAJURAHO,"JANJATI KALYAN KENDRA MAHAKAUSHAL, GRAM BARGAON, GRAM PANCHAYAT BARGAON, VIKASKHAND SHAHPURA ME UCCH DAAB VIDYUT LINE EVAM NAVEEN VIDYUT CONNECTION HETU (BHAG-1)",2026-06-18,2026-08-11,2500000.0,Sanction,286961
77086,Normal/Others,"WS/MP18157/2026-2027/287160- Providing sports equipment, except consumable items",Punjab,JALANDHAR(DEPUTY COMMISSIONER JALANDHAR_IDA),AMRINDER SINGH RAJA WARRING,LUDHIANA,"Provisioning for purchase of table tennis table for hall at District sports office Complex in Hans Raj Stadium, Civil Lines Jalandhar",2026-06-19,2026-08-14,500000.0,Sanction,287160
77496,Normal/Others,WS/MP18195/2026-2027/288457-Construction of boundary walls of existing public and community buildings,The Dadra And Nagar Haveli And Daman And Diu,JHUNJHUNU(DISTRICT COLLECTOR JHUNJHUNU_IDA),PATEL UMESHBHAI BABUBHAI,DAMAN and DIU,Construction of Boundary walls towards the south west and north west direction of the sports ground of shaheed raj singh bijarniya government higher secondary school norangpura,2026-06-23,2026-08-13,1000000.0,Sanction,288457
77521,Normal/Others,WS/MP18004/2026-2027/288580-Installing tube-wells and borewells,Andhra Pradesh,Anakapalli(DISTRICT COLLECTOR ANAKAPALLI_IDA),Gumma Thanuja Rani,ARAKU(ST),Providing drinking water facility bore wells 3 at vaddadi village of Butchayyapeta mnadal AKP dt as follows 1 Ravada vari kallalu 2 Pappala vari kallalu 3 Jagan Anna layout,2026-06-23,2026-07-15,300000.0,Sanction,288580
77524,Normal/Others,WS/MP18004/2026-2027/288585-Lighting of public spaces,Andhra Pradesh,Anakapalli(DISTRICT COLLECTOR ANAKAPALLI_IDA),Gumma Thanuja Rani,ARAKU(ST),Proposals for 25 solar lights at vaddadi village of Butchayyapeta mandal AKP dt,2026-06-23,2026-07-15,700000.0,Vendor Identification,288585
77551,Normal/Others,WS/MP18192/2026-2027/288697-Street lights,Telangana,NALGONDA(DISTRICT COLLECTOR NALGONDA),DR.MALLU RAVI,NAGARKURNOOL(SC),The work Construction of IMast Lights at Barpati Laxmaiah House at SC Colony in Kandukur GP of Gundlapally Mandal,2026-06-24,2026-07-20,140000.0,Sanction,288697
77552,Normal/Others,WS/MP18192/2026-2027/288698-Street lights,Telangana,NALGONDA(DISTRICT COLLECTOR NALGONDA),DR.MALLU RAVI,NAGARKURNOOL(SC),The work Construction of IMast Lights at Bus Stand in Kandukur GP of Gundlapally Mandal,2026-06-24,2026-07-20,140000.0,Sanction,288698
77553,Normal/Others,WS/MP18192/2026-2027/288699-Street lights,Telangana,NALGONDA(DISTRICT COLLECTOR NALGONDA),DR.MALLU RAVI,NAGARKURNOOL(SC),The work Construction of IMast Lights at Hanuman Temple in Kandukur GP of Gundlapally Mandal,2026-06-24,2026-07-20,140000.0,Sanction,288699
77554,Normal/Others,WS/MP18192/2026-2027/288700-Street lights,Telangana,NALGONDA(DISTRICT COLLECTOR NALGONDA),DR.MALLU RAVI,NAGARKURNOOL(SC),The work Construction of IMast Lights at Nalla Maisaiah house at SC Colony in Kandukur GP of Gundlapally Mandal,2026-06-24,2026-07-20,140000.0,Sanction,288700
77555,Normal/Others,WS/MP18192/2026-2027/288701-Street lights,Telangana,NALGONDA(DISTRICT COLLECTOR NALGONDA),DR.MALLU RAVI,NAGARKURNOOL(SC),The work Construction of IMast Lights at Panaganti Ramulu House at SC Colony in Kandukur GP of Gundlapally Mandal,2026-06-24,2026-07-20,140000.0,Sanction,288701
77556,Normal/Others,WS/MP18192/2026-2027/288702-Street lights,Telangana,NALGONDA(DISTRICT COLLECTOR NALGONDA),DR.MALLU RAVI,NAGARKURNOOL(SC),The work Construction of IMast lights at Sherpampu Colony in Kandukur GP of Gundlapally Mandal,2026-06-24,2026-07-20,140000.0,Sanction,288702
77600,Normal/Others,"WS/MP716/2026-2027/288925-Construction of roads, link roads, pathways or any other road with or without drainage system",Punjab,FATEHGARH SAHIB(DEPUTY COMMISSIONER FATEHGARH SAHIB_IDA),Smt Harsimrat Kaur Badal,BHATINDA,Laying Interlock tiles in street From Colonia Dharmshala to Mandeep Singh Plot,2026-06-24,2026-07-21,400000.0,Sanction,288925
77601,Normal/Others,"WS/MP716/2026-2027/288926-Construction of roads, link roads, pathways or any other road with or without drainage system",Punjab,FATEHGARH SAHIB(DEPUTY COMMISSIONER FATEHGARH SAHIB_IDA),Smt Harsimrat Kaur Badal,BHATINDA,Laying Interlock tiles in street Amritpal Singh House to Kulwant Singh house,2026-06-24,2026-07-21,100000.0,Sanction,288926
78464,Normal/Others,WS/MP18163/2026-2027/292356-Construction of rooms and halls in school and colleges,Rajasthan,KARAULI(DISTRICT COLLECTOR KARAULI_IDA),MURARI LAL MEENA,DAUSA(ST),Contstruction of Classrooms with Baramda govt. senior sec. school matasoola gram panchayat matasula panchayat samiti Todabhim,2026-07-06,2026-08-25,1000000.0,Sanction,292356
78591,Normal/Others,WS/MP18163/2026-2027/293264-Construction of community centers and community halls,Rajasthan,KARAULI(DISTRICT COLLECTOR KARAULI_IDA),MURARI LAL MEENA,DAUSA(ST),Samudayik Bhawan Nirman karya gram Kariri Dangal Maidan ke pas gram panchayat kariri panchayat samiti todabhim,2026-07-09,2026-08-16,1000000.0,Work partially Completed,293264
78794,Normal/Others,"WS/MP716/2026-2027/293887-Construction of roads, link roads, pathways or any other road with or without drainage system",Punjab,FAZILKA(DEPUTY COMMISSIONER FAZILKA_IDA),Smt Harsimrat Kaur Badal,BHATINDA,Suction pipe motor engine canvas pipe,2026-07-10,2026-07-27,220000.0,Vendor Identification,293887
78795,Normal/Others,"WS/MP716/2026-2027/293888-Construction of roads, link roads, pathways or any other road with or without drainage system",Punjab,FAZILKA(DEPUTY COMMISSIONER FAZILKA_IDA),Smt Harsimrat Kaur Badal,BHATINDA,Suction pipe motor engine canvas pipe,2026-07-10,2026-07-27,740000.0,Vendor Identification,293888
78796,Normal/Others,"WS/MP716/2026-2027/293889-Construction of roads, link roads, pathways or any other road with or without drainage system",Punjab,FAZILKA(DEPUTY COMMISSIONER FAZILKA_IDA),Smt Harsimrat Kaur Badal,BHATINDA,Suction pipe motor engine canvas pipe,2026-07-10,2026-07-27,564000.0,Vendor Identification,293889
78797,Normal/Others,"WS/MP716/2026-2027/293890-Construction of roads, link roads, pathways or any other road with or without drainage system",Punjab,FAZILKA(DEPUTY COMMISSIONER FAZILKA_IDA),Smt Harsimrat Kaur Badal,BHATINDA,Suction pipe motor engine canvas pipe,2026-07-10,2026-07-27,360000.0,Vendor Identification,293890
78798,Normal/Others,"WS/MP716/2026-2027/293891-Construction of roads, link roads, pathways or any other road with or without drainage system",Punjab,FAZILKA(DEPUTY COMMISSIONER FAZILKA_IDA),Smt Harsimrat Kaur Badal,BHATINDA,Suction pipe motor engine canvas pipe village naiyanwali,2026-07-10,2026-07-27,560000.0,Vendor Identification,293891
78799,Normal/Others,"WS/MP716/2026-2027/293892-Construction of roads, link roads, pathways or any other road with or without drainage system",Punjab,FAZILKA(DEPUTY COMMISSIONER FAZILKA_IDA),Smt Harsimrat Kaur Badal,BHATINDA,Suction pipe motor engine canvas pipe village mandela,2026-07-10,2026-07-27,360000.0,Vendor Identification,293892
78800,Normal/Others,"WS/MP716/2026-2027/293893-Construction of roads, link roads, pathways or any other road with or without drainage system",Punjab,FAZILKA(DEPUTY COMMISSIONER FAZILKA_IDA),Smt Harsimrat Kaur Badal,BHATINDA,Suction pipe motor engine canvas pipe,2026-07-10,2026-07-27,560000.0,Vendor Identification,293893
79008,Normal/Others,WS/MP18388/2026-2027/294651-Installing tube-wells and borewells,Telangana,RAJANNA SIRCILLA(DISTRICT COLLECTOR RAJANNA SIRCILLA_IDA),VAMSI KRISHNA GADDAM,PEDDAPALLE,"Drilling of borewell and Fitting of pump set at Near Beerappa temple Ananthapalli village, Boinpalli mandal, Rajanna sircilla district",2026-07-13,2026-08-18,250000.0,Sanction,294651
79269,Normal/Others,WS/MP728/2026-2027/296031-Improvement of electricity distribution infrastructure,Rajasthan,JAIPUR(DISTRICT COLLECTOR JAIPUR_IDA),Rahul Kaswan,CHURU,"Under Ground Cable Lying Work in Grenade Marg, Pratap Nagar, Khatipura, Jaipur",2026-07-16,2026-08-19,450000.0,Sanction,296031
79276,Normal/Others,WS/MP710/2026-2027/296079-Purchase of furniture and fixtures for educational purposes,Puducherry,Kancheepuram(DISTRICT COLLECTOR KANCHEEPURAM_IDA),Vaithilingam Ve,Puducherry,"Supply of School Desk and Bench to Governement Hr.Sec. School, Kaliyampoondi, Uthiramerur block, Kanchipuram District 40 Sets",2026-07-17,2026-09-05,500000.0,Sanction,296079
79277,Normal/Others,WS/MP710/2026-2027/296080-Purchase of furniture and fixtures for educational purposes,Puducherry,Kancheepuram(DISTRICT COLLECTOR KANCHEEPURAM_IDA),Vaithilingam Ve,Puducherry,"Supply of School Desk and Bench to Governement High School, Nallur, Kundrathur block, Kanchipuram District 40 Sets",2026-07-17,2026-09-05,500000.0,Sanction,296080
79278,Normal/Others,WS/MP710/2026-2027/296081-Purchase of furniture and fixtures for educational purposes,Puducherry,Kancheepuram(DISTRICT COLLECTOR KANCHEEPURAM_IDA),Vaithilingam Ve,Puducherry,"Supply of School Desk and Bench to Governement Hr.Sec.School, Avalur, Kanchipuram block, Kanchipuram District 20 Sets",2026-07-17,2026-09-05,250000.0,Sanction,296081
79279,Normal/Others,WS/MP710/2026-2027/296083-Purchase of furniture and fixtures for educational purposes,Puducherry,Kancheepuram(DISTRICT COLLECTOR KANCHEEPURAM_IDA),Vaithilingam Ve,Puducherry,"Supply of School Desk and Bench to Governement Hr.Sec.School, Maduramangalam,Sriperumbudur block,Kanchipuram District 40 Sets",2026-07-17,2026-09-05,500000.0,Sanction,296083
79281,Normal/Others,WS/MP710/2026-2027/296087-Purchase of furniture and fixtures for educational purposes,Puducherry,Kancheepuram(DISTRICT COLLECTOR KANCHEEPURAM_IDA),Vaithilingam Ve,Puducherry,"Supply of School Desk and Bench to CMS Governement Hr.Sec. School Kanchipuram, Kanchipuram block, Kanchipuram District 40 Sets",2026-07-17,2026-09-05,500000.0,Sanction,296087
79285,Normal/Others,WS/MP710/2026-2027/296093-Purchase of furniture and fixtures for educational purposes,Puducherry,Kancheepuram(DISTRICT COLLECTOR KANCHEEPURAM_IDA),Vaithilingam Ve,Puducherry,"Supply of School Desk and Bench to Governement Hr.Sec.School, Paranthur, Walajabad block, Kanchipuram District 20 Sets",2026-07-17,2026-09-05,250000.0,Sanction,296093
79330,Normal/Others,"WS/MP313/2026-2027/296461-Construction of roads, link roads, pathways or any other road with or without drainage system",Arunachal Pradesh,LOWER SIANG(Deputy Commisioner Lower Siang_IDA),Shri Tapir Gao,ARUNACHAL EAST,"Construction of Link Road at Tayom Area, Old Deka Village in Lower Siang District",2026-07-18,2026-08-19,1000000.0,Work partially Completed,296461
79579,Normal/Others,WS/MP524/2026-2027/298339-Construction of boundary walls of existing public and community buildings,Andhra Pradesh,Nandyal(DISTRICT COLLECTOR NANDYAL_IDA),Midhun Reddy,RAJAMPET,Construction of the Compound wall to the SC Mala Burial Ground in front side at Bilkala Gudur Village and GP,2026-07-23,2026-07-31,500000.0,Sanction,298339
79580,Normal/Others,WS/MP524/2026-2027/298340-Construction of boundary walls of existing public and community buildings,Andhra Pradesh,Nandyal(DISTRICT COLLECTOR NANDYAL_IDA),Midhun Reddy,RAJAMPET,Construction of the Compound wall to SC Madiga Burial Ground in front Side at Bilkalaguduru village and GP,2026-07-23,2026-07-31,500000.0,Sanction,298340
79850,Normal/Others,WS/MP18004/2026-2027/300035-Crematoriums/energy efficient crematoriums or structures on burial/cremation ground,Andhra Pradesh,Nandyal(DISTRICT COLLECTOR NANDYAL_IDA),Gumma Thanuja Rani,ARAKU(ST),Construction of Compound wall to SC Burial Ground Bailakala Gudur village Gadivemula mandal Nandyala district Panyam Assembly Constituency,2026-07-31,2026-08-20,500000.0,Sanction,300035
80350,Normal/Others,"WS/MP529/2026-2027/303321-Construction of roads, link roads, pathways or any other road with or without drainage system",Andhra Pradesh,Y.S.R. Kadapa(DISTRICT COLLECTOR CUDDAPAH_IDA),Maddila Gurumoorthy,TIRUPATI(SC),Formation of metal road and culvert from Kumari Palreddy house to Thimmarajupualli SC Colony New at Nallathimmayapalli (V&GP) Nandalur Mandal.,2026-08-12,2026-09-09,1500000.0,Sanction,303321
80351,Normal/Others,WS/MP529/2026-2027/303323-Providing drains and gutters for public drainage,Andhra Pradesh,Sri Potti Sriramulu Nellore(DISTRICT COLLECTOR NELLORE_IDA),Maddila Gurumoorthy,TIRUPATI(SC),Construction of Internal CC Drain from Vennapusa Vasantha Plot to Vennapusa Sriramulu House in Vengampalli Habitation of Ananthasagaram Mandal.,2026-08-12,2026-08-28,500000.0,Sanction,303323
80352,Normal/Others,WS/MP529/2026-2027/303324-Providing drains and gutters for public drainage,Andhra Pradesh,Sri Potti Sriramulu Nellore(DISTRICT COLLECTOR NELLORE_IDA),Maddila Gurumoorthy,TIRUPATI(SC),Construction of Internal CC Drain from Vennapusa Venkataiah House to Anjaneyaswamy Temple in Vengampalli Habitation of Ananthasagaram Mandal.,2026-08-12,2026-08-28,400000.0,Sanction,303324
